facility,state,avg_readmission_rate
HOSPITAL FOR SPECIAL SURGERY,NY,11.2
KOOTENAI HEALTH,ID,11.6
LANCASTER GENERAL HOSPITAL,PA,11.6
BAYLOR SCOTT & WHITE TEXAS SPINE & JOINT HOSPITAL,TX,11.7
ST LUKE'S REGIONAL MEDICAL CENTER,ID,11.7
TEXAS ORTHOPEDIC HOSPITAL,TX,11.7
W.G. (BILL) HEFNER SALISBURY VA MEDICAL CENTER (SALSBURY),NC,11.7
MCBRIDE ORTHOPEDIC HOSPITAL,OK,11.8
PEACEHEALTH SOUTHWEST MEDICAL CENTER,WA,11.9
PHYSICIANS CARE SURGICAL HOSPITAL,PA,11.9
EVERGREENHEALTH MEDICAL CENTER,WA,12.0
MCKAY DEE HOSPITAL,UT,12.0
BANNER HEART HOSPITAL,AZ,12.2
DEACONESS MEDICAL CENTER,WA,12.2
MARY GREELEY MEDICAL CENTER,IA,12.2
"OKLAHOMA SURGICAL HOSPITAL, LLC",OK,12.2
PROVIDENCE ALASKA MEDICAL CENTER,AK,12.2
HUDSON VALLEY HOSPITAL CENTER,NY,12.3
"MOSES H. CONE MEMORIAL HOSPITAL, THE",NC,12.3
PROV SACRED HRT MED CTR & CHILDS HOSP.,WA,12.3
WASHINGTON REGIONAL MEDICAL CENTER,AR,12.3
ARIZONA SPINE AND JOINT HOSPITAL,AZ,12.4
ARKANSAS SURGICAL HOSPITAL,AR,12.4
LOGAN REGIONAL HOSPITAL,UT,12.4
MORRISTOWN MEDICAL CENTER,NJ,12.4
NEW ENGLAND BAPTIST HOSPITAL,MA,12.4
ST LUKE'S NAMPA MEDICAL CENTER,ID,12.4
ST MARYS MEDICAL CENTER,CO,12.4
ST. PATRICK HOSPITAL,MT,12.4
"ASCENSION VIA CHRISTI HOSPITAL MANHATTAN, INC",KS,12.5
AUGUSTA HEALTH,VA,12.5
MERCYONE DES MOINES MEDICAL CENTER,IA,12.5
MERCYONE WATERLOO MEDICAL CENTER,IA,12.5
"OKLAHOMA HEART HOSPITAL SOUTH, LLC",OK,12.5
ORTHOCOLORADO HOSP AT ST ANTHONY MED CAMPUS,CO,12.5
ST JOSEPH REGIONAL MEDICAL CENTER,ID,12.5
MEDICAL CENTER OF THE ROCKIES,CO,12.6
"MEMORIAL HEALTHCARE SYSTEM, INC",TN,12.6
MEMORIAL MISSION HOSPITAL AND ASHEVILLE SURGERY CE,NC,12.6
NORTHERN LIGHT EASTERN MAINE MEDICAL CENTER,ME,12.6
NORTHWEST SPECIALTY HOSPITAL,ID,12.6
PRISMA HEALTH GREER MEMORIAL HOSPITAL,SC,12.6
SENTARA MARTHA JEFFERSON HOSPITAL,VA,12.6
UNIVERSITY OF MD SHORE MEDICAL CENTER AT EASTON,MD,12.6
ADVENTHEALTH HENDERSONVILLE,NC,12.7
EASTERN IDAHO REGIONAL MEDICAL CENTER,ID,12.7
KANSAS SURGERY & RECOVERY CENTER,KS,12.7
MAINE GENERAL MEDICAL CENTER,ME,12.7
O.A.S.I.S. HOSPITAL,AZ,12.7
PROVIDENCE CENTRALIA HOSPITAL,WA,12.7
SAINT ALPHONSUS REGIONAL MEDICAL CENTER,ID,12.7
SPOKANE VA MEDICAL CENTER,WA,12.7
ST JOHN OWASSO,OK,12.7
ST. GEORGE REGIONAL HOSPITAL,UT,12.7
SWEDISH MEDICAL CENTER,WA,12.7
VERDE VALLEY MEDICAL CENTER,AZ,12.7
WESLEY MEDICAL CENTER,KS,12.7
WEST COVINA MEDICAL CENTER,CA,12.7
ALTA BATES SUMMIT MEDICAL CENTER - ALTA BATES CAMP,CA,12.8
CATAWBA VALLEY MEDICAL CENTER,NC,12.8
CHRISTUS ST VINCENT REGIONAL MEDICAL CENTER,NM,12.8
INTERMOUNTAIN MEDICAL CENTER,UT,12.8
KANSAS CITY ORTHOPAEDIC INSTITUTE,KS,12.8
MARGARET R PARDEE MEMORIAL HOSPITAL,NC,12.8
MARSHALL MEDICAL CENTERS,AL,12.8
PROVIDENCE REDWOOD MEMORIAL HOSPITAL,CA,12.8
SALEM HOSPITAL,OR,12.8
STRAUB CLINIC AND HOSPITAL,HI,12.8
THE MEDICAL CENTER (BOWLING GREEN),KY,12.8
THEDACARE REGIONAL MEDICAL CENTER - APPLETON INC,WI,12.8
UNIVERSITY OF KANSAS HEALTH SYSTEM - ST FRANCIS CAMPUS,KS,12.8
ADVENTIST HEALTH CASTLE,HI,12.9
AVERA HEART HOSPITAL OF SOUTH DAKOTA,SD,12.9
BANNER BAYWOOD MEDICAL CENTER,AZ,12.9
HOUSTON METHODIST BAYTOWN HOSPITAL,TX,12.9
KINGMAN REGIONAL MEDICAL CENTER,AZ,12.9
MAYO CLINIC HEALTH SYSTEM - MANKATO,MN,12.9
MAYO CLINIC HEALTH SYSTEM EAU CLAIRE HOSPITAL,WI,12.9
MERCY HEALTH MUSKEGON,MI,12.9
MUNSON HEALTHCARE CADILLAC HOSPITAL,MI,12.9
NEWTON MEDICAL CENTER,NJ,12.9
NOVANT HEALTH MATTHEWS MEDICAL CENTER,NC,12.9
ORTHOINDY HOSPITAL,IN,12.9
"PAGE MEMORIAL HOSPITAL, INC",VA,12.9
SOUTHEAST IOWA REGIONAL MEDICAL CENTER,IA,12.9
ST FRANCIS COMMUNITY HOSPITAL,WA,12.9
STEWARD ROCKLEDGE HOSPITAL,FL,12.9
TURNING POINT HOSPITAL,GA,12.9
UNIVERSITY OF MICHIGAN HEALTH - WEST,MI,12.9
VIERA HOSPITAL,FL,12.9
ATRIUM HEALTH UNIVERSITY CITY,NC,13.0
AURORA MEDICAL CENTER - SUMMIT,WI,13.0
BENEFIS HOSPITALS INC,MT,13.0
BORGESS MEDICAL CENTER,MI,13.0
EDWARD W SPARROW HOSPITAL,MI,13.0
FAYETTEVILLE AR VA MEDICAL CENTER,AR,13.0
FLORIDA HOSPITAL ZEPHYRHILLS,FL,13.0
HARRISON MEDICAL CENTER,WA,13.0
M HEALTH FAIRVIEW RIDGES HOSPITAL,MN,13.0
MAYO CLINIC HEALTH SYSTEM-FRANCISCAN MEDICAL CENTER INC,WI,13.0
MAYO CLINIC HOSPITAL ROCHESTER,MN,13.0
MEDICAL CENTER HOSPITAL,TX,13.0
MEDSTAR UNION MEMORIAL HOSPITAL,MD,13.0
MULTICARE VALLEY HOSPITAL,WA,13.0
MUNSON MEDICAL CENTER,MI,13.0
NEW YORK-PRESBYTERIAN/QUEENS,NY,13.0
PROVIDENCE HOLY FAMILY HOSPITAL,WA,13.0
PROVIDENCE MILWAUKIE HOSPITAL,OR,13.0
SIOUX FALLS VA MEDICAL CENTER,SD,13.0
SOUTH TEXAS SPINE AND SURGICAL HOSPITAL,TX,13.0
SUTTER ROSEVILLE MEDICAL CENTER,CA,13.0
UNION HOSPITAL,OH,13.0
WELLSPAN EPHRATA COMMUNITY HOSPITAL,PA,13.0
WELLSPAN YORK HOSPITAL,PA,13.0
WOOSTER COMMUNITY HOSPITAL,OH,13.0
"ANIMAS SURGICAL HOSPITAL, LLC",CO,13.1
AURORA MEDICAL CTR MANITOWOC COUNTY,WI,13.1
BAYLOR SCOTT & WHITE THE HEART HOSPITAL - PLANO,TX,13.1
BLACK HILLS SURGICAL HOSPITAL LLP,SD,13.1
BOONE HOSPITAL CENTER,MO,13.1
COX MEDICAL CENTER BRANSON,MO,13.1
FIRELANDS REGIONAL MEDICAL CENTER,OH,13.1
GETTYSBURG HOSPITAL,PA,13.1
GUNDERSEN LUTHERAN MEDICAL CENTER,WI,13.1
"LAKELAND HOSPITAL, ST JOSEPH",MI,13.1
LEGENT ORTHOPEDIC + SPINE,TX,13.1
LEWISGALE HOSPITAL ALLEGHANY,VA,13.1
M HEALTH FAIRVIEW SOUTHDALE HOSPITAL,MN,13.1
MEDSTAR MONTGOMERY MEDICAL CENTER,MD,13.1
MONUMENT HEALTH RAPID CITY HOSPITAL,SD,13.1
"NEBRASKA SPINE HOSPITAL, LLC",NE,13.1
NORTH CENTRAL SURGICAL CENTER LLP,TX,13.1
OLATHE MEDICAL CENTER,KS,13.1
OSS ORTHOPAEDIC HOSPITAL,PA,13.1
PENINSULA MEDICAL CENTER,CA,13.1
PROVIDENCE REGIONAL MEDICAL CENTER EVERETT,WA,13.1
SACRED HEART MEDICAL CENTER - RIVERBEND,OR,13.1
SALINA REGIONAL HEALTH CENTER,KS,13.1
ST CHARLES MEDICAL CENTER - BEND,OR,13.1
THE ORTHOPAEDIC HOSPITAL OF LUTHERAN HEALTH NETWOR,IN,13.1
THEDACARE REGIONAL MED CTR - NEENAH,WI,13.1
UNITED REGIONAL HEALTH CARE SYSTEM,TX,13.1
UTAH VALLEY HOSPITAL,UT,13.1
WYOMING MEDICAL CENTER,WY,13.1
ACADIA GENERAL HOSPITAL,LA,13.2
ADVENTHEALTH GORDON,GA,13.2
ASCENSION BRIGHTON CENTER FOR RECOVERY,MI,13.2
BRYAN MEDICAL CENTER,NE,13.2
CHI HEALTH BERGAN MERCY,NE,13.2
CHI ST ALEXIUS HEALTH DICKINSON,ND,13.2
DOMINICAN HOSPITAL,CA,13.2
ERIE COUNTY MEDICAL CENTER,NY,13.2
FAIRBANKS MEMORIAL HOSPITAL,AK,13.2
INDIANA UNIVERSITY HEALTH BLOOMINGTON HOSPITAL,IN,13.2
"KANSAS SPINE & SPECIALTY HOSPITAL, LLC",KS,13.2
LOGAN HEALTH MEDICAL CENTER,MT,13.2
MAINE MEDICAL CENTER,ME,13.2
MARIN GENERAL HOSPITAL,CA,13.2
MERCYONE NEWTON MEDICAL CENTER,IA,13.2
MISSION COMMUNITY HOSPITAL,CA,13.2
NOVANT HEALTH NEW HANOVER REGIONAL MEDICAL CENTER,NC,13.2
OKLAHOMA SPINE HOSPITAL,OK,13.2
OLYMPIC MEDICAL CENTER,WA,13.2
ORTHOPAEDIC HOSPITAL OF WISCONSIN,WI,13.2
PROVIDENCE NEWBERG MEDICAL CENTER,OR,13.2
PROVIDENCE PORTLAND MEDICAL CENTER,OR,13.2
PROVIDENCE ST MARY MEDICAL CENTER,WA,13.2
SANFORD MEDICAL CENTER BISMARCK,ND,13.2
SOUTHERN MAINE HEALTH CARE,ME,13.2
SSM HEALTH ST MARY'S HOSPITAL - MADISON,WI,13.2
ST ANTHONY HOSPITAL,OR,13.2
ST LUKES REGIONAL MEDICAL CENTER,IA,13.2
STARR REGIONAL MEDICAL CENTER ATHENS,TN,13.2
SUTTER DAVIS HOSPITAL,CA,13.2
THE QUEENS MEDICAL CENTER,HI,13.2
UNIVERSITY OF MD SHORE MEDICAL CTR AT CHESTERTOWN,MD,13.2
VA SALT LAKE CITY HEALTHCARE - GEORGE E. WAHLEN VA MEDICAL CENTER,UT,13.2
VAN DIEST MEDICAL CENTER,IA,13.2
WESTERLY HOSPITAL,RI,13.2
ASANTE THREE RIVERS MEDICAL CENTER,OR,13.3
AURORA MEDICAL CTR OSHKOSH,WI,13.3
BLANCHARD VALLEY HOSPITAL,OH,13.3
CARSON TAHOE REGIONAL MEDICAL CENTER,NV,13.3
CEDAR CITY HOSPITAL,UT,13.3
CENTRAL MAINE MEDICAL CENTER,ME,13.3
FRANCISCAN HEALTH CRAWFORDSVILLE,IN,13.3
FRANKLIN MEMORIAL HOSPITAL,ME,13.3
GOSHEN HOSPITAL,IN,13.3
HARBORVIEW MEDICAL CENTER,WA,13.3
HCA-HEALTHONE DBA SWEDISH MEDICAL CENTER,CO,13.3
INTEGRIS SOUTHWEST MEDICAL CENTER,OK,13.3
JPS HEALTH NETWORK,TX,13.3
LABETTE HEALTH,KS,13.3
LANGLADE HOSPITAL,WI,13.3
LAYTON HOSPITAL,UT,13.3
MEMORIAL HOSPITAL SWEETWATER COUNTY,WY,13.3
MYMICHIGAN MEDICAL CENTER ALPENA,MI,13.3
NYU Langone Hospitals,NY,13.3
PROVIDENCE SANTA ROSA MEMORIAL HOSPITAL,CA,13.3
RUSSELL MEDICAL CENTER,AL,13.3
SANFORD USD MEDICAL CENTER,SD,13.3
SHERIDAN VA MEDICAL CENTER,WY,13.3
ST FRANCIS-DOWNTOWN,SC,13.3
ST LUKES MAGIC VALLEY MEDICAL CENTER,ID,13.3
ST VINCENT HEALTHCARE,MT,13.3
SWEDISH ISSAQUAH,WA,13.3
TEXAS HEALTH PRESBYTERIAN HOSPITAL DALLAS,TX,13.3
"TIDALHEALTH NANTICOKE, INC.",DE,13.3
TRI-STATE MEMORIAL HOSPITAL,WA,13.3
TRINITY REGIONAL MEDICAL CENTER,IA,13.3
UCH-MEMORIAL HEALTH SYSTEM,CO,13.3
ADVENTHEALTH MURRAY,GA,13.4
ALLIANCEHEALTH WOODWARD,OK,13.4
ASCENSION ST JOHN JANE PHILLIPS,OK,13.4
ASCENSION ST VINCENT KOKOMO,IN,13.4
ASHLEY REGIONAL MEDICAL CENTER,UT,13.4
"BAYHEALTH HOSPITAL, SUSSEX CAMPUS",DE,13.4
BELLEVUE HOSPITAL,OH,13.4
BRISTOW ENDEAVOR HEALTHCARE DBA CENTER FOR ORTHOPAEDIC RECONSTRUCTION AND EXCELLENCE,OK,13.4
BRONSON METHODIST HOSPITAL,MI,13.4
CANDLER HOSPITAL,GA,13.4
CAPE CORAL HOSPITAL,FL,13.4
CARILION MEDICAL CENTER,VA,13.4
CENTRA HEALTH -  LYNCHBURG GEN HOSPITAL,VA,13.4
CHI HEALTH GOOD SAMARITAN,NE,13.4
COBLESKILL REGIONAL HOSPITAL,NY,13.4
"CORPUS CHRISTI MEDICAL CENTER,THE",TX,13.4
DUBLIN VA MEDICAL CENTER,GA,13.4
DUNES SURGICAL HOSPITAL,SD,13.4
FAITH REGIONAL HEALTH SERVICES,NE,13.4
FREEMAN NEOSHO HOSPITAL,MO,13.4
GREATER BALTIMORE MEDICAL CENTER,MD,13.4
"INTEGRIS BAPTIST MEDICAL CENTER, INC",OK,13.4
KAWEAH HEALTH MEDICAL CENTER,CA,13.4
KERSHAWHEALTH,SC,13.4
LAKE REGION HEALTHCARE CORPORATION,MN,13.4
MARSHFIELD MEDICAL CENTER - EAU CLAIRE,WI,13.4
MAT-SU REGIONAL MEDICAL CENTER,AK,13.4
"MEDICAL WEST, AN AFFILIATE OF UAB HEALTH SYSTEM",AL,13.4
MERCY MEDICAL CENTER REDDING,CA,13.4
MID-COLUMBIA MEDICAL CENTER,OR,13.4
MOUNT CARMEL NEW ALBANY SURGICAL HOSPITAL,OH,13.4
NORTH ALABAMA MEDICAL CENTER,AL,13.4
NORTH ARKANSAS REGIONAL MEDICAL CENTER,AR,13.4
OCHSNER LAFAYETTE GENERAL MEDICAL CENTER,LA,13.4
OCHSNER MEDICAL CENTER - BATON ROUGE,LA,13.4
PEACEHEALTH ST JOHN MEDICAL CENTER,WA,13.4
RIVERTON HOSPITAL,UT,13.4
"SAINT ALPHONSUS MEDICAL CENTER - ONTARIO, INC",OR,13.4
SCHNECK MEDICAL CENTER,IN,13.4
SCRIPPS MEMORIAL HOSPITAL - ENCINITAS,CA,13.4
SCRIPPS MEMORIAL HOSPITAL LA JOLLA,CA,13.4
SHARP CHULA VISTA MEDICAL CENTER,CA,13.4
SPECTRUM HEALTH LUDINGTON HOSPITAL,MI,13.4
SPENCER MUNICIPAL HOSPITAL,IA,13.4
ST ANTHONY REGIONAL HOSPITAL & NURSING HOME,IA,13.4
ST LUKE'S HOSPITAL - EASTON CAMPUS,PA,13.4
SUTTER SANTA ROSA REGIONAL HOSPITAL,CA,13.4
SUTTER TRACY COMMUNITY HOSPITAL,CA,13.4
THE HOSPITALS OF PROVIDENCE - EAST CAMPUS,TX,13.4
THE SPINE HOSPITAL OF LOUISIANA,LA,13.4
UNITYPOINT HEALTH - DES MOINES IOWA METHODIST MEDI,IA,13.4
USC ARCADIA HOSPITAL,CA,13.4
WESTERN MARYLAND REGIONAL MEDICAL CENTER,MD,13.4
WILLIAMSON MEDICAL CENTER,TN,13.4
ADVENTIST HEALTH UKIAH VALLEY,CA,13.5
ALLIANCEHEALTH SEMINOLE,OK,13.5
ALLINA UNITED HOSPITAL,MN,13.5
ALTA VIEW HOSPITAL,UT,13.5
ASPIRUS WAUSAU HOSPITAL,WI,13.5
AULTMAN HOSPITAL,OH,13.5
AURORA HEALTH CARE CENTRAL INC,WI,13.5
AURORA LAKELAND MEDICAL CENTER,WI,13.5
AURORA MEDICAL CENTER KENOSHA,WI,13.5
AVERA ST LUKES,SD,13.5
BANNER NORTH COLORADO MEDICAL CENTER,CO,13.5
BAYLOR SCOTT &  WHITE MEDICAL CENTER - CENTENNIAL,TX,13.5
CENTURA HEALTH-PENROSE ST FRANCIS HEALTH SERVICES,CO,13.5
CENTURA HEALTH-ST ANTHONY HOSPITAL,CO,13.5
CLEVELAND CLINIC INDIAN RIVER HOSPITAL,FL,13.5
DIGNITY HEALTH ARIZONA GENERAL HOSPITAL,AZ,13.5
FIRSTHEALTH MOORE REGIONAL HOSPITAL,NC,13.5
FLORIDA HOSPITAL FLAGLER,FL,13.5
FREDERICK HEALTH HOSPITAL,MD,13.5
FREEMAN HEALTH SYSTEM - FREEMAN WEST,MO,13.5
GARRETT REGIONAL MEDICAL CENTER,MD,13.5
GENESIS HOSPITAL,OH,13.5
GULF COAST MEDICAL CENTER LEE HEALTH,FL,13.5
HILO MEDICAL CENTER,HI,13.5
HOLMES REGIONAL MEDICAL CENTER,FL,13.5
IREDELL MEMORIAL HOSPITAL INC,NC,13.5
KADLEC REGIONAL MEDICAL CENTER,WA,13.5
KAISER FOUNDATION HOSPITAL - SAN DIEGO,CA,13.5
KUAKINI MEDICAL CENTER,HI,13.5
LEE MEMORIAL HOSPITAL,FL,13.5
LMH,KS,13.5
MARY LANNING HEALTHCARE,NE,13.5
MEMORIAL HOSPITAL OF SOUTH BEND,IN,13.5
"MERCY HOSPITAL OKLAHOMA CITY, INC",OK,13.5
MERCYONE SIOUXLAND MEDICAL CENTER,IA,13.5
METHODIST MANSFIELD MEDICAL CENTER,TX,13.5
MID COAST HOSPITAL,ME,13.5
MUSKOGEE VA MEDICAL CENTER,OK,13.5
NANTUCKET COTTAGE HOSPITAL,MA,13.5
NORTH KANSAS CITY HOSPITAL,MO,13.5
NORTHERN MONTANA HOSPITAL,MT,13.5
NORTHWEST HOSPITAL CENTER,MD,13.5
NORTHWEST TEXAS HOSPITAL,TX,13.5
OTTUMWA REGIONAL HEALTH CENTER,IA,13.5
OUACHITA COUNTY MEDICAL CENTER,AR,13.5
PARADISE VALLEY HOSPITAL,CA,13.5
"PARKVIEW MEDICAL CENTER, INC",CO,13.5
PENN HIGHLANDS BROOKVILLE,PA,13.5
POUDRE VALLEY HOSPITAL,CO,13.5
QUAIL CREEK SURGICAL HOSPITAL,TX,13.5
RANDOLPH HOSPITAL,NC,13.5
SACRED HEART UNIVERSITY DISTRICT,OR,13.5
SAN JUAN REGIONAL MEDICAL CENTER INC,NM,13.5
SAVOY MEDICAL CENTER,LA,13.5
SOUTHERN TENNESSEE REGIONAL HEALTH SYSTEM LAWRENCE,TN,13.5
SPANISH FORK HOSPITAL,UT,13.5
SPARROW CLINTON HOSPITAL,MI,13.5
ST PETERS HEALTH,MT,13.5
STRONG MEMORIAL HOSPITAL,NY,13.5
"SUTTER MEDICAL CENTER, SACRAMENTO",CA,13.5
UNM SANDOVAL REGIONAL MEDICAL CENTER,NM,13.5
UPMC BEDFORD MEMORIAL,PA,13.5
UPMC CARLISLE,PA,13.5
VA AMARILLO HEALTHCARE SYSTEM,TX,13.5
VALLEY HOSPITAL,NJ,13.5
VALLEY REGIONAL HOSPITAL,NH,13.5
WALDO COUNTY GENERAL HOSPITAL,ME,13.5
WELLSPAN CHAMBERSBURG HOSPITAL,PA,13.5
WINNESHIEK MEDICAL CENTER,IA,13.5
ASANTE ROGUE REGIONAL MEDICAL CENTER,OR,13.6
ASCENSION PROVIDENCE,TX,13.6
ASCENSION ST VINCENT FISHERS,IN,13.6
BANNER GATEWAY MEDICAL CENTER,AZ,13.6
BANNER GOLDFIELD MEDICAL CENTER,AZ,13.6
BAPTIST BEAUMONT HOSPITAL,TX,13.6
BAPTIST HEALTH DEACONESS MADISONVILLE,KY,13.6
BAPTIST HEALTH LOUISVILLE,KY,13.6
BELLIN MEMORIAL HOSPITAL,WI,13.6
BINGHAM MEMORIAL HOSPITAL,ID,13.6
BRATTLEBORO MEMORIAL HOSPITAL,VT,13.6
BRIGHAM CITY COMMUNITY HOSPITAL,UT,13.6
CENTRAL WASHINGTON HOSPITAL,WA,13.6
CHANDLER REGIONAL MEDICAL CENTER,AZ,13.6
CHEYENNE REGIONAL MEDICAL CENTER,WY,13.6
CHI HEALTH LAKESIDE,NE,13.6
CHILTON MEDICAL CENTER,NJ,13.6
CHRISTUS OCHSNER ST PATRICK HOSPITAL,LA,13.6
COLUMBUS REGIONAL HOSPITAL,IN,13.6
COPLEY MEMORIAL HOSPITAL,IL,13.6
DOCTORS HOSPITAL OF MANTECA,CA,13.6
GREAT FALLS CLINIC HOSPITAL,MT,13.6
GRINNELL REGIONAL MEDICAL CENTER,IA,13.6
HAMPSHIRE MEMORIAL HOSPITAL,WV,13.6
HCA HOUSTON HEALTHCARE SOUTHEAST,TX,13.6
HENDRICK MEDICAL CENTER,TX,13.6
HILL COUNTRY MEMORIAL HOSPITAL,TX,13.6
INDIANA UNIVERSITY HEALTH BALL MEMORIAL HOSPITAL,IN,13.6
JERSEY COMMUNITY HOSPITAL,IL,13.6
LAKE REGIONAL HEALTH SYSTEM,MO,13.6
LAKELAND COMMUNITY HOSPITAL,AL,13.6
LEGACY SALMON CREEK MEDICAL CENTER,WA,13.6
LEVINDALE HEBREW GERIATRIC CENTER AND HOSPITAL,MD,13.6
MARSHALL BROWNING HOSPITAL,IL,13.6
MAYO CLINIC HEALTH SYSTEM-RED CEDAR INC,WI,13.6
MEDSTAR SOUTHERN MARYLAND HOSPITAL CENTER,MD,13.6
MEMORIAL SATILLA HEALTH,GA,13.6
MERCY HOSPITAL NORTHWEST ARKANSAS,AR,13.6
MERCYONE DUBUQUE MEDICAL CENTER,IA,13.6
METHODIST HOSPITAL  STONE OAK,TX,13.6
MIDWEST ORTHOPEDIC SPECIALTY HOSPITAL,WI,13.6
MOUNT PLEASANT HOSPITAL,SC,13.6
NORTHFIELD HOSPITAL,MN,13.6
OHIOHEALTH MANSFIELD HOSPITAL,OH,13.6
OHSU HOSPITAL AND CLINICS,OR,13.6
OVERLOOK MEDICAL CENTER,NJ,13.6
PARKLAND HEALTH CENTER,MO,13.6
PARKWEST MEDICAL CENTER,TN,13.6
PEKIN MEMORIAL HOSPITAL,IL,13.6
PENN HIGHLANDS DUBOIS,PA,13.6
PETALUMA VALLEY HOSPITAL,CA,13.6
PLAINS REGIONAL MEDICAL CENTER,NM,13.6
PRESBYTERIAN HOSPITAL,NM,13.6
PRISMA HEALTH RICHLAND HOSPITAL,SC,13.6
PROMEDICA TOLEDO HOSPITAL,OH,13.6
PROVIDENCE SEASIDE HOSPITAL,OR,13.6
ROPER HOSPITAL,SC,13.6
SAMARITAN ALBANY GENERAL HOSPITAL,OR,13.6
SAN RAMON REGIONAL MEDICAL CENTER,CA,13.6
SHENANDOAH MEMORIAL HOSPITAL,VA,13.6
SIERRA NEVADA MEMORIAL HOSPITAL,CA,13.6
SPECTRUM HEALTH UNITED HOSPITAL,MI,13.6
ST. AGNES HOSPITAL HOSPICE,WI,13.6
ST. MARY'S HOSPITAL,AZ,13.6
STANFORD HEALTH CARE - VALLEYCARE,CA,13.6
SUTTER AUBURN FAITH HOSPITAL,CA,13.6
THE CORE INSTITUTE SPECIALTY HOSP,AZ,13.6
TULSA SPINE & SPECIALTY HOSPITAL,OK,13.6
TYLER HOLMES MEMORIAL HOSPITAL CAH,MS,13.6
UINTAH BASIN MEDICAL CENTER,UT,13.6
UP HEALTH SYSTEM PORTAGE,MI,13.6
VA EASTERN KANSAS HEALTHCARE SYSTEM - LEAVENWORTH,KS,13.6
VA N. INDIANA HEALTHCARE SYSTEM - FT. WAYNE,IN,13.6
VCU HEALTH TAPPAHANNOCK HOSPITAL,VA,13.6
WESTERN ARIZONA REGIONAL MEDICAL CENTER,AZ,13.6
WILMINGTON TREATMENT CENTER,NC,13.6
TAYLOR REGIONAL HOSPITAL,GA,13.65
ADVENTHEALTH FISH MEMORIAL,FL,13.7
ADVENTIST HEALTH CLEARLAKE,CA,13.7
AHS HOSPITAL CORP,NJ,13.7
ALLIANCE HEALTH CENTER,MS,13.7
ALLINA HEALTH FARIBAULT MEDICAL CENTER,MN,13.7
AMERY HOSPITAL & CLINIC,WI,13.7
ARISE AUSTIN MEDICAL CENTER,TX,13.7
ASCENSION ST JOHN MEDICAL CENTER,OK,13.7
ATRIUM HEALTH LINCOLN,NC,13.7
ATRIUM MEDICAL CENTER,OH,13.7
AURORA BAYCARE MEDICAL CTR,WI,13.7
BAPTIST HEALTH LAGRANGE,KY,13.7
BAPTIST MEDICAL CENTER,TX,13.7
BAPTIST MEMORIAL HOSPITAL UNION CITY,TN,13.7
BAPTIST ST ANTHONY'S HOSPITAL,TX,13.7
BATON ROUGE GENERAL MEDICAL CENTER,LA,13.7
BAY AREA HOSPITAL,OR,13.7
"BEATRICE COMMUNITY HOSPITAL & HEALTH CENTER, INC",NE,13.7
BECKLEY ARH HOSPITAL,WV,13.7
BON SECOURS ST FRANCIS MEDICAL CENTER,VA,13.7
"BROOKS-TLC HOSPITAL SYSTEM, INC",NY,13.7
CALIFORNIA PACIFIC MEDICAL CENTER - MISSION BERNAL,CA,13.7
CAROLINA EAST MEDICAL CENTER,NC,13.7
CHI HEALTH - MERCY CORNING,IA,13.7
CHI ST LUKE'S HEALTH BAYLOR COLLEGE OF MEDICINE ME,TX,13.7
CHRISTUS SOUTHEAST TEXAS- ST ELIZABETH,TX,13.7
CHRISTUS SPOHN HOSPITAL CORPUS CHRISTI,TX,13.7
"COFFEYVILLE REGIONAL MEDICAL CENTER, INC",KS,13.7
CONCORD HOSPITAL,NH,13.7
DAVIESS COMMUNITY HOSPITAL,IN,13.7
DEACONESS HENDERSON HOSPITAL,KY,13.7
DESOTO REGIONAL HEALTH SYSTEM,LA,13.7
DUPONT HOSPITAL LLC,IN,13.7
EAST COOPER MEDICAL CENTER,SC,13.7
EPHRAIM MCDOWELL REGIONAL MEDICAL CENTER,KY,13.7
FORT MEMORIAL HOSPITAL,WI,13.7
GEISINGER-BLOOMSBURG HOSPITAL,PA,13.7
GIBSON COMMUNITY HOSPITAL,IL,13.7
GRAYS HARBOR COMMUNITY HOSPITAL,WA,13.7
GULF BREEZE HOSPITAL,FL,13.7
HALIFAX HEALTH MEDICAL CENTER,FL,13.7
HAMPTON VA MEDICAL CENTER,VA,13.7
HAYWARD AREA MEMORIAL HOSPITAL,WI,13.7
HILLSDALE HOSPITAL,MI,13.7
HOSPITAL DISTRICT #1 OF RICE COUNTY,KS,13.7
HOWARD MEMORIAL HOSPITAL,AR,13.7
INOVA FAIR OAKS HOSPITAL,VA,13.7
JACK HUGHSTON MEMORIAL HOSPITAL,AL,13.7
JOHN MUIR MEDICAL CENTER - CONCORD CAMPUS,CA,13.7
JORDAN VALLEY MEDICAL CENTER,UT,13.7
LINCOLNHEALTH,ME,13.7
LOVELACE MEDICAL CENTER,NM,13.7
LOVELACE WESTSIDE HOSPITAL,NM,13.7
"LUMINIS HEALTH DOCTORS COMMUNITY MEDICAL CTR, INC",MD,13.7
MAYO CLINIC,FL,13.7
"MERCY HOSPITAL KINGFISHER, INC",OK,13.7
MISSOURI BAPTIST MEDICAL CENTER,MO,13.7
MT SAN RAFAEL HOSPITAL,CO,13.7
MUSCOGEE (CREEK) NATION MEDICAL CENTER,OK,13.7
Mosaic Medical Center - Maryville,MO,13.7
NATCHITOCHES REGIONAL MEDICAL CENTER,LA,13.7
NORTHERN DUTCHESS HOSPITAL,NY,13.7
NORTHERN LIGHT BLUE HILL MEMORIAL HOSPITAL,ME,13.7
NORTHWELL HOSPITAL GLEN COVE,NY,13.7
NORTHWESTERN LAKE FOREST HOSPITAL,IL,13.7
NOVANT HEALTH MEDICAL PARK HOSPITAL,NC,13.7
NOVANT HEALTH PRESBYTERIAN MEDICAL CENTER,NC,13.7
NOVANT HEALTH UVA HEALTH SYSTEM CULPEPER MED CENTE,VA,13.7
PARKVIEW DEKALB HOSPITAL,IN,13.7
"PHYSICIANS CENTRE,THE",TX,13.7
PIEDMONT COLUMBUS REGIONAL NORTHSIDE,GA,13.7
PIEDMONT MEDICAL CENTER,SC,13.7
PLATTE COUNTY MEMORIAL HOSPITAL,WY,13.7
PONTOTOC HEALTH SERVICE INC CAH,MS,13.7
PORTLAND VA MEDICAL CENTER,OR,13.7
PRATT REGIONAL MEDICAL CENTER,KS,13.7
PRISMA HEALTH HILLCREST HOSPITAL,SC,13.7
PRISMA HEALTH TUOMEY HOSPITAL,SC,13.7
PROMEDICA CHARLES AND VIRGINIA HICKMAN HOSPITAL,MI,13.7
PROVIDENCE ST PETER HOSPITAL,WA,13.7
PROVIDENCE ST VINCENT MEDICAL CENTER,OR,13.7
REDINGTON FAIRVIEW GENERAL HOSPITAL,ME,13.7
RESOLUTE HEALTH HOSPITAL,TX,13.7
ROTHMAN ORTHOPAEDIC SPECIALTY HOSPITAL,PA,13.7
SAINT LUKES NORTH HOSPITAL,MO,13.7
SAINT ROSE DOMINICAN HOSPITALS - ROSE DE LIMA,NV,13.7
SAMARITAN LEBANON COMMUNITY HOSPITAL,OR,13.7
SAMARITAN PACIFIC COMMUNITY HOSPITAL,OR,13.7
SARATOGA HOSPITAL,NY,13.7
SENTARA HALIFAX REGIONAL HOSPITAL,VA,13.7
SEVIER VALLEY HOSPITAL,UT,13.7
SKY LAKES MEDICAL CENTER,OR,13.7
SPECIALISTS HOSPITAL SHREVEPORT,LA,13.7
ST LUKE'S PATIENTS MEDICAL CENTER,TX,13.7
ST MARGARET'S HEALTH - PERU,IL,13.7
ST MARY'S HOSPITAL MEDICAL CENTER,WI,13.7
THE HOSPITAL AT WESTLAKE MEDICAL CENTER,TX,13.7
THE NEBRASKA METHODIST HOSPITAL,NE,13.7
UCHEALTH GREELEY HOSPITAL,CO,13.7
UNIVERSITY OF MARYLAND MEDICAL CENTER,MD,13.7
UNIVERSITY OF UTAH HOSPITALS AND CLINICS,UT,13.7
UPHS MARQUETTE DLP HOSPITAL,MI,13.7
VALLEY HEALTH WAR MEMORIAL HOSPITAL,WV,13.7
VALLEY VIEW MEDICAL CENTER,AZ,13.7
VHS HARLINGEN HOSPITAL COMPANY LLC,TX,13.7
"WAKEMED, CARY HOSPITAL",NC,13.7
"WAKEMED, RALEIGH CAMPUS",NC,13.7
WELLMONT HOLSTON VALLEY MEDICAL CENTER,TN,13.7
WEST CALCASIEU CAMERON HOSPITAL,LA,13.7
WETZEL COUNTY HOSPITAL,WV,13.7
YUKON KUSKOKWIM DELTA REG HOSPITAL,AK,13.7
ABRAZO WEST CAMPUS,AZ,13.8
ACADIAN MEDICAL CENTER,LA,13.8
ADAMS MEMORIAL HOSPITAL,IN,13.8
ADENA REGIONAL MEDICAL CENTER,OH,13.8
ADVENTHEALTH DAYTONA BEACH,FL,13.8
ALTA VISTA REGIONAL HOSPITAL,NM,13.8
ASCENSION COLUMBIA ST MARY'S HOSPITAL MILWAUKEE,WI,13.8
ASCENSION SETON MEDICAL CENTER AUSTIN,TX,13.8
ASCENSION SETON WILLIAMSON,TX,13.8
ASCENSION ST VINCENT CARMEL,IN,13.8
ASCENSION ST VINCENT HOSPITAL,IN,13.8
"ASCENSION VIA CHRISTI HOSPITALS WICHITA, INC.",KS,13.8
"ASPIRUS IRON RIVER HOSPITAL & CLINICS, INC",MI,13.8
ASPIRUS MERRILL HOSPITAL,WI,13.8
ASPIRUS RHINELANDER HOSPITAL,WI,13.8
BANNER CASA GRANDE MEDICAL CENTER,AZ,13.8
BANNER MCKEE MEDICAL CENTER,CO,13.8
BANNER PAYSON MEDICAL CENTER,AZ,13.8
BAPTIST MEDICAL CENTER-LEAKE,MS,13.8
BAYLOR SCOTT & WHITE MEDICAL CENTER - MARBLE FALLS,TX,13.8
BAYLOR UNIVERSITY MEDICAL CENTER,TX,13.8
"BELLEVUE MEDICAL CENTER, LLC",NE,13.8
BON SECOURS MEMORIAL REGIONAL MEDICAL CENTER,VA,13.8
CASS COUNTY MEMORIAL HOSPITAL,IA,13.8
CENTRACARE HEALTH SYSTEM - MELROSE HOSPITAL,MN,13.8
CHI HEALTH MIDLANDS,NE,13.8
CHRISTIANA HOSPITAL,DE,13.8
CODY REGIONAL HEALTH,WY,13.8
COLMERY-O'NEIL VA MEDICAL CENTER,KS,13.8
CUMBERLAND MEDICAL CENTER,TN,13.8
CYPRESS POINTE SURGICAL HOSPITAL,LA,13.8
DODGE COUNTY HOSPITAL,GA,13.8
ELKHART GENERAL HOSPITAL,IN,13.8
FERRELL HOSPITAL COMMUNITY FOUNDATIONS,IL,13.8
FLAGSTAFF MEDICAL CENTER,AZ,13.8
FRANCISCAN HEALTH CROWN POINT,IN,13.8
FRANCISCAN HEALTH LAFAYETTE,IN,13.8
FRANCISCAN HEALTH MOORESVILLE,IN,13.8
FRANKLIN COUNTY MEMORIAL HOSPITAL,MS,13.8
GATEWAY REGIONAL MEDICAL CENTER,IL,13.8
GOOD SAMARITAN REGIONAL MEDICAL CENTER,OR,13.8
GORDON MEMORIAL HOSPITAL DISTRICT,NE,13.8
GRAND LAKE HEALTH SYSTEM,OH,13.8
GRAND STRAND REGIONAL MEDICAL CENTER,SC,13.8
HARRIS REGIONAL HOSPITAL,NC,13.8
HAVASU REGIONAL MEDICAL CENTER,AZ,13.8
HEART OF THE ROCKIES REGIONAL MEDICAL CENTER,CO,13.8
HELEN KELLER HOSPITAL,AL,13.8
HOLY NAME MEDICAL CENTER,NJ,13.8
HOUSTON PHYSICIANS' HOSPITAL,TX,13.8
INDIANA UNIVERSITY HEALTH NORTH HOSPITAL,IN,13.8
INTEGRIS GROVE HOSPITAL,OK,13.8
IU HEALTH WEST HOSPITAL,IN,13.8
JEFFERSON HEALTHCARE,WA,13.8
JONES MEMORIAL HOSPITAL,NY,13.8
KAISER FOUNDATION HOSPITAL - SOUTH SAN FRANCISCO,CA,13.8
KAISER FOUNDATION HOSPITAL - VACAVILLE,CA,13.8
KAISER FOUNDATION HOSPITAL - WESTSIDE,OR,13.8
KAISER FOUNDATION HOSPITAL MANTECA,CA,13.8
KAISER FOUNDATION HOSPITAL-SANTA ROSA,CA,13.8
KAISER SUNNYSIDE MEDICAL CENTER,OR,13.8
KAUAI VETERANS MEMORIAL HOSPITAL,HI,13.8
KINGS COUNTY HOSPITAL CENTER,NY,13.8
LAKE GRANBURY MEDICAL CENTER,TX,13.8
LAWRENCE MEDICAL CENTER,AL,13.8
LEGACY EMANUEL MEDICAL CENTER,OR,13.8
LINCOLN MEDICAL CENTER,TN,13.8
LITTLE FALLS HOSPITAL,NY,13.8
MARIAN REGIONAL MEDICAL CENTER,CA,13.8
MARK TWAIN MEDICAL CENTER,CA,13.8
MARTHA'S VINEYARD HOSPITAL INC,MA,13.8
MCKENZIE-WILLAMETTE MEDICAL CENTER,OR,13.8
MCLAREN GREATER LANSING,MI,13.8
MEADOWVIEW REGIONAL MEDICAL CENTER,KY,13.8
MEASE COUNTRYSIDE HOSPITAL,FL,13.8
MEDICAL CITY PLANO,TX,13.8
MEDSTAR HARBOR HOSPITAL,MD,13.8
MEMORIAL HOSPITAL AND HEALTH CARE CENTER,IN,13.8
MEMORIALCARE LONG BEACH MEDICAL CENTER,CA,13.8
MERCYONE CLINTON MEDICAL CENTER,IA,13.8
METHODIST HOSPITALS OF MEMPHIS,TN,13.8
METHODIST RICHARDSON MEDICAL CENTER,TX,13.8
MILE BLUFF MEDICAL CENTER,WI,13.8
MINDEN MEDICAL CENTER,LA,13.8
MONUMENT HEALTH STURGIS HOSPITAL,SD,13.8
MT ASCUTNEY HOSPITAL,VT,13.8
OAK VALLEY HOSPITAL DISTRICT,CA,13.8
OAKDALE COMMUNITY HOSPITAL,LA,13.8
OCHSNER RUSH HOSPITAL,MS,13.8
ODESSA REGIONAL MEDICAL CENTER,TX,13.8
OSF ST FRANCIS HOSPITAL AND MEDICAL GROUP,MI,13.8
PALOMAR HEALTH DOWNTOWN CAMPUS,CA,13.8
PARKVIEW HUNTINGTON HOSPITAL,IN,13.8
PARRISH MEDICAL CENTER,FL,13.8
PEACEHEALTH UNITED GENERAL MEDICAL CENTER,WA,13.8
PIEDMONT HOSPITAL,GA,13.8
PIEDMONT ROCKDALE HOSPITAL,GA,13.8
PROVIDENCE MEDFORD MEDICAL CENTER,OR,13.8
PROVIDENCE MISSION HOSPITAL,CA,13.8
PULLMAN REGIONAL HOSPITAL,WA,13.8
REGIONAL MEDICAL CENTER,IA,13.8
RIDDLE MEMORIAL HOSPITAL,PA,13.8
RIVERSIDE METHODIST HOSPITAL,OH,13.8
RUSH MEMORIAL HOSPITAL,IN,13.8
SAINT ALPHONSUS MEDICAL CENTER - NAMPA,ID,13.8
"SAINT FRANCIS HOSPITAL SOUTH, LLC",OK,13.8
SAINT THOMAS HIGHLANDS HOSPITAL,TN,13.8
SALEM VA MEDICAL CENTER,VA,13.8
SANFORD BEMIDJI MEDICAL CENTER,MN,13.8
SANPETE VALLEY HOSPITAL - CAH,UT,13.8
SANTA BARBARA COTTAGE HOSPITAL,CA,13.8
SEQUOIA HOSPITAL,CA,13.8
SINAI HOSPITAL OF BALTIMORE,MD,13.8
SKAGIT VALLEY HOSPITAL,WA,13.8
SPARTA COMMUNITY HOSPITAL,IL,13.8
SPECTRUM HEALTH,MI,13.8
SSM HEALTH ST CLARE HOSPITAL - BARABOO,WI,13.8
ST CLOUD HOSPITAL,MN,13.8
ST CROIX REGIONAL MEDICAL CENTER,WI,13.8
ST FRANCIS REGIONAL MEDICAL CENTER,MN,13.8
ST VINCENT HEART CENTER,IN,13.8
SURGICAL INSTITUTE OF READING,PA,13.8
SWEDISH MEDICAL CENTER / CHERRY HILL,WA,13.8
TERREBONNE GENERAL HEALTH SYSTEM,LA,13.8
THE MEDICAL CENTER OF AURORA & SOUTH HOSPITAL,CO,13.8
THE ORTHOPEDIC SPECIALTY HOSPITAL,UT,13.8
"THE OUTER BANKS HOSPITAL, INC",NC,13.8
TISHOMINGO HEALTH SERVICES INC,MS,13.8
TRIDENT MEDICAL CENTER,SC,13.8
UNIVERSITY HEALTH LAKEWOOD MEDICAL CENTER,MO,13.8
UNIVERSITY OF NORTH CAROLINA HOSPITAL,NC,13.8
UPMC ALTOONA,PA,13.8
VIRGINIA HOSPITAL CENTER,VA,13.8
VIRGINIA MASON MEDICAL CENTER,WA,13.8
WATERTOWN MEMORIAL HOSPITAL,WI,13.8
WAUPUN MEMORIAL HOSPITAL,WI,13.8
WELLSPAN GOOD SAMARITAN HOSPITAL,PA,13.8
WHITE RIVER MEDICAL CENTER,AR,13.8
YOAKUM COMMUNITY HOSPITAL,TX,13.8
COLUMBUS COMMUNITY HOSPITAL,NE,13.8666666666667
ABRAHAM LINCOLN MEMORIAL HOSPITAL,IL,13.9
ABRAZO SCOTTSDALE CAMPUS,AZ,13.9
ADVANCED SURGICAL HOSPITAL,PA,13.9
ADVENTIST HEALTH ST HELENA,CA,13.9
ADVENTIST HINSDALE HOSPITAL,IL,13.9
ALOMERE HEALTH,MN,13.9
ASANTE ASHLAND COMMUNITY HOSPITAL,OR,13.9
ASCENSION ST JOHN BROKEN ARROW,OK,13.9
AURORA MEDICAL CTR WASHINGTON COUNTY,WI,13.9
AVERA MCKENNAN HOSPITAL & UNIVERSITY HEALTH CENTER,SD,13.9
BANNER ESTRELLA MEDICAL CENTER,AZ,13.9
BAPTIST HEALTH - FORT SMITH,AR,13.9
BAPTIST HEALTH MEDICAL CENTER-ARKADELPHIA,AR,13.9
BAPTIST MEDICAL CENTER ATTALA,MS,13.9
BAYLOR MEDICAL CENTER AT TROPHY CLUB,TX,13.9
BERLIN MEMORIAL HOSPITAL,WI,13.9
"BLUE RIDGE HEALTHCARE HOSPITALS, INC",NC,13.9
BLUE RIDGE REGIONAL HOSPITAL,NC,13.9
BLUFFTON REGIONAL MEDICAL CENTER,IN,13.9
BOZEMAN HEALTH DEACONESS HOSPITAL,MT,13.9
CALIFORNIA PACIFIC MEDICAL CTR-DAVIES CAMPUS HOSP,CA,13.9
CARLINVILLE AREA HOSPITAL,IL,13.9
CAROLINAS MEDICAL CENTER/BEHAV HEALTH,NC,13.9
CARRINGTON HEALTH CENTER,ND,13.9
CARROLL COUNTY MEMORIAL HOSPITAL,KY,13.9
CARSON VALLEY MEDICAL CENTER,NV,13.9
CASTLEVIEW HOSPITAL,UT,13.9
CEDAR-SINAI MARINA DEL REY HOSPITAL,CA,13.9
CENTRACARE- RICE MEMORIAL HOSPITAL,MN,13.9
CENTURA LONGMONT UNITED HOSPITAL,CO,13.9
CENTURA ST. CATHERINE HOSPITAL-GARDEN CITY,KS,13.9
CENTURA ST. CATHERINE-DODGE CITY,KS,13.9
CHADRON COMMUNITY HOSPITAL CORP,NE,13.9
CHARLEVOIX AREA HOSPITAL,MI,13.9
CHI HEALTH MISSOURI VALLEY,IA,13.9
CHI HEALTH ST. MARY'S,NE,13.9
CHI ST ALEXIUS HEALTH,ND,13.9
CHI ST JOSEPH HEALTH REGIONAL HOSPITAL,TX,13.9
CHRISTUS SPOHN HOSPITAL ALICE,TX,13.9
COMMUNITY HOSPITAL INC,AL,13.9
COMMUNITY HOSPITAL OF ANACONDA,MT,13.9
COMMUNITY HOSPITAL OF THE MONTEREY PENINSULA,CA,13.9
DE TAR HOSPITAL NAVARRO,TX,13.9
DELL SETON  MED CENTER AT THE UNIVERSITY OF TX,TX,13.9
DELTA COMMUNITY HOSPITAL,UT,13.9
DENVER HEALTH & HOSPITAL AUTHORITY,CO,13.9
DOCS SURGICAL HOSPITAL,CA,13.9
DOCTOR CENTER HOSPITAL SAN FERNANDO DE LA CAROLINA,PR,13.9
DOWN EAST COMMUNITY HOSPITAL,ME,13.9
EAST MORGAN COUNTY HOSPITAL,CO,13.9
EASTERN NEW MEXICO MEDICAL CENTER,NM,13.9
ED FRASER MEMORIAL HOSPITAL,FL,13.9
EDEN MEDICAL CENTER,CA,13.9
ELBERT MEMORIAL HOSPITAL,GA,13.9
ELLIOT HOSPITAL,NH,13.9
ERLANGER BLEDSOE HOSPITAL,TN,13.9
FAIRVIEW LAKES HEALTH SERVICES,MN,13.9
FINLEY HOSPITAL,IA,13.9
FLOYD COUNTY MEDICAL CENTER,IA,13.9
GEISINGER-COMMUNITY MEDICAL CENTER,PA,13.9
GOOD SAMARITAN MEDICAL CENTER LLC,CO,13.9
GOODALL WITCHER HOSPITAL,TX,13.9
GRAND JUNCTION VA MEDICAL CENTER,CO,13.9
GRAND VIEW HEALTH,PA,13.9
GRANT MEDICAL CENTER,OH,13.9
GRITMAN MEDICAL CENTER,ID,13.9
HEDRICK MEDICAL CENTER,MO,13.9
HILLCREST HOSPITAL SOUTH,OK,13.9
HOLY ROSARY HEALTHCARE,MT,13.9
HOLZER MEDICAL CENTER JACKSON,OH,13.9
HOPEDALE HOSPITAL,IL,13.9
INDIANA UNIVERSITY HEALTH BLACKFORD HOSPITAL,IN,13.9
INTEGRIS BASS BAPTIST HEALTH CENTER,OK,13.9
ISLAND HOSPITAL,WA,13.9
JACKSON HEALTHCARE CENTER,TX,13.9
JAVON BEA HOSPITAL,IL,13.9
JFK MEDICAL CENTER,NJ,13.9
KAISER FOUNDATION HOSPITAL - SAN FRANCISCO,CA,13.9
KELL WEST REGIONAL HOSPITAL,TX,13.9
KNOXVILLE HOSPITAL & CLINICS,IA,13.9
LAFAYETTE SURGICAL SPECIALTY HOSPITAL,LA,13.9
LONE PEAK HOSPITAL,UT,13.9
LOS ALAMOS MEDICAL CENTER,NM,13.9
LOURDES MEDICAL CENTER,WA,13.9
MANGUM REGIONAL MEDICAL CENTER,OK,13.9
MAYO CLINIC HEALTH SYSTEM - ALBERT LEA AND AUSTIN,MN,13.9
MEDICAL CENTER BARBOUR,AL,13.9
MERCY GILBERT MEDICAL CENTER,AZ,13.9
MERCY HEALTH - CLERMONT HOSPITAL,OH,13.9
MERCY HOSPITAL LEBANON,MO,13.9
METHODIST MEDICAL CENTER OF ILLINOIS,IL,13.9
MH ST JOSEPH WARREN HOSPITAL,OH,13.9
MORTON COUNTY HOSPITAL,KS,13.9
MOSAIC LIFE CARE AT ST JOSEPH,MO,13.9
NASH GENERAL HOSPITAL,NC,13.9
NEW YORK-PRESBYTERIAN HOSPITAL,NY,13.9
NORTH CAROLINA SPECIALTY HOSPITAL,NC,13.9
NORTH OKALOOSA MEDICAL CENTER,FL,13.9
NORTH TEXAS MEDICAL CENTER,TX,13.9
NORTHERN MAINE MEDICAL CENTER,ME,13.9
NORTHWESTERN MEDICINE DELNOR COMMUNITY HOSPITAL,IL,13.9
NOVANT PRINCE WILLIAM MEDICAL CENTER,VA,13.9
NOVATO COMMUNITY HOSPITAL,CA,13.9
OCHSNER ST MARY,LA,13.9
OJAI VALLEY COMMUNITY HOSPITAL,CA,13.9
PALI MOMI MEDICAL CENTER,HI,13.9
PALOMAR MEDICAL CENTER POWAY,CA,13.9
PARKVIEW REGIONAL MEDICAL CENTER,IN,13.9
PEACE HARBOR MEDICAL CENTER,OR,13.9
PEACEHEALTH COTTAGE GROVE COMMUNITY MEDICAL CENTER,OR,13.9
PEACEHEALTH KETCHIKAN MEDICAL CENTER,AK,13.9
PIEDMONT COLUMBUS REGIONAL MIDTOWN,GA,13.9
POMERENE HOSPITAL,OH,13.9
PRESENCE ST MARYS HOSPITAL,IL,13.9
PROGRESS WEST HOSPITAL,MO,13.9
PROVIDENCE HEALTH,SC,13.9
PROVIDENCE MOUNT CARMEL HOSPITAL,WA,13.9
PROVIDENCE ST JOSEPH HOSPITAL,CA,13.9
RICHLAND HOSPITAL,WI,13.9
"ROY LESTER SCHNEIDER HOSPITAL,THE",VI,13.9
SAGEWEST HEALTH CARE,WY,13.9
SAINT JAMES HOSPITAL,IL,13.9
SAN GABRIEL VALLEY MEDICAL CENTER,CA,13.9
SANTIAM HOSPITAL,OR,13.9
SAUK PRAIRIE HOSPITAL,WI,13.9
SCOTLAND COUNTY  HOSPITAL,MO,13.9
SELF REGIONAL HEALTHCARE,SC,13.9
SIERRA MEDICAL CENTER,TX,13.9
SKYLINE HOSPITAL,WA,13.9
SOLDIERS AND SAILORS MEMORIAL HOSPITAL OF YATES,NY,13.9
SOUTHEASTHEALTH CENTER OF STODDARD COUNTY,MO,13.9
SPARROW CARSON HOSPITAL,MI,13.9
SPARROW EATON HOSPITAL,MI,13.9
SSM HEALTH ST MARY'S HOSPITAL - JANESVILLE,WI,13.9
ST JOSEPH HOSPITAL,ME,13.9
ST JOSEPHS AREA  HEALTH SERVICES,MN,13.9
ST LUKE HOSPITAL & LIVING CENTER,KS,13.9
STANISLAUS SURGICAL HOSPITAL,CA,13.9
STEELE MEMORIAL MEDICAL CENTER,ID,13.9
STEWARD PALMETTO GENERAL HOSPITAL,FL,13.9
SUSAN B ALLEN MEMORIAL HOSPITAL,KS,13.9
SUTTER SOLANO MEDICAL CENTER,CA,13.9
TEXAS HEALTH HARRIS METHODIST HOSPITAL CLEBURNE,TX,13.9
TEXAS HEALTH PRESBYTERIAN HOSPITAL KAUFMAN,TX,13.9
THEDACARE MEDICAL CENTER - SHAWANO,WI,13.9
THEDACARE MEDICAL CENTER-WAUPACA,WI,13.9
TJ HEALTH COLUMBIA,KY,13.9
TOPS SURGICAL SPECIALTY HOSPITAL,TX,13.9
TRISTAR HORIZON MEDICAL CENTER,TN,13.9
TUCSON MEDICAL CENTER,AZ,13.9
UNIVERSITY OF KANSAS HOSPITAL,KS,13.9
UNIVERSITY OF MD BALTIMORE WASHINGTON MEDICAL CENTER,MD,13.9
UNIVERSITY OF MD MEDICAL CENTER MIDTOWN CAMPUS,MD,13.9
UNIVERSITY OF MD ST JOSEPH MEDICAL CENTER,MD,13.9
UPMC HORIZON,PA,13.9
UPMC LITITZ,PA,13.9
UPMC LOCK HAVEN,PA,13.9
UPMC NORTHWEST,PA,13.9
VA CENTRAL ALABAMA HEALTHCARE SYSTEM - MONTGOMERY,AL,13.9
VALLEY VIEW HOSPITAL ASSOCIATION,CO,13.9
VAN BUREN COUNTY HOSPITAL,IA,13.9
WASHINGTON COUNTY HOSPITAL AND CLINICS,IA,13.9
WAYNE MEDICAL CENTER,TN,13.9
WEST ALLIS MEMORIAL HOSPITAL,WI,13.9
WHITMAN HOSPITAL AND MEDICAL CENTER,WA,13.9
WHITTIER HOSPITAL MEDICAL CENTER,CA,13.9
WILSON MEMORIAL HOSPITAL,OH,13.9
WOODLAND HEIGHTS MEDICAL CENTER,TX,13.9
MARSHALL MEDICAL CENTER,CA,13.95
ADVENTHEALTH DADE CITY,FL,14.0
ADVENTIST HEALTH HOWARD MEMORIAL,CA,14.0
ADVENTIST HEALTHCARE SHADY GROVE MEDICAL CENTER,MD,14.0
ADVOCATE LUTHERAN GENERAL HOSPITAL,IL,14.0
ALICE HYDE MEDICAL CENTER,NY,14.0
AMERICAN FORK HOSPITAL,UT,14.0
ANDERSON COUNTY HOSPITAL,KS,14.0
ANNIE JEFFREY MEMORIAL COUNTY HEALTH CENTER,NE,14.0
ASCENSION RIVER DISTRICT HOSPITAL,MI,14.0
ASCENSION ST VINCENT EVANSVILLE,IN,14.0
ASHEVILLE-OTEEN VA MEDICAL CENTER,NC,14.0
ATRIUM HEALTH CLEVELAND,NC,14.0
AVERA ST MARY'S HOSPITAL,SD,14.0
BARRETT HOSPITAL & HEALTHCARE,MT,14.0
BATES COUNTY MEMORIAL HOSPITAL,MO,14.0
BAYLOR SCOTT & WHITE MEDICAL CENTER - FRISCO,TX,14.0
BAYLOR SCOTT & WHITE MEDICAL CENTER- WAXAHACHIE,TX,14.0
BOLIVAR MEDICAL CENTER,MS,14.0
BON SECOURS ST MARYS HOSPITAL,VA,14.0
BROADLAWNS MEDICAL CENTER,IA,14.0
CAMBRIDGE MEDICAL CENTER,MN,14.0
CAPE FEAR VALLEY HOKE HOSPITAL,NC,14.0
CAPITAL REGION MEDICAL CENTER,MO,14.0
CARILION NEW RIVER VALLEY MEDICAL CENTER,VA,14.0
CENTURA ST THOMAS MORE HOSPITAL,CO,14.0
CHI ST VINCENT MORRILTON,AR,14.0
CHRISTUS MOTHER FRANCES HOSPITAL- JACKSONVILLE,TX,14.0
COMMUNITY MEMORIAL HOSPITAL SAN BUENAVENTURA,CA,14.0
COVENANT HEALTH HOBBS HOSPITAL,NM,14.0
COVENANT HOSPITAL PLAINVIEW,TX,14.0
CROZER CHESTER MEDICAL CENTER,PA,14.0
CUYUNA REGIONAL MEDICAL CENTER,MN,14.0
DALLAS REGIONAL MEDICAL CENTER,TX,14.0
DCH REGIONAL MEDICAL CENTER,AL,14.0
DECATUR MEMORIAL HOSPITAL,IL,14.0
DIVINE SAVIOR HEALTHCARE,WI,14.0
DUKES MEMORIAL HOSPITAL,IN,14.0
"DUNCAN REGIONAL HOSPITAL, INC",OK,14.0
ERLANGER MEDICAL CENTER,TN,14.0
ESSENTIA HEALTH,ND,14.0
ESSENTIA HEALTH ST MARY'S MEDICAL CENTER,MN,14.0
FAYETTE MEDICAL CENTER,AL,14.0
FHN MEMORIAL HOSPITAL,IL,14.0
FLOWERS HOSPITAL,AL,14.0
FORT HAMILTON HUGHES MEMORIAL HOSPITAL,OH,14.0
FRANCISCAN HEALTH INDIANAPOLIS,IN,14.0
GRACE SURGICAL HOSPITAL,TX,14.0
GRADY GENERAL HOSPITAL,GA,14.0
GRAHAM REGIONAL MEDICAL CENTER,TX,14.0
GRAND ITASCA CLINIC AND HOSPITAL,MN,14.0
GREAT PLAINS HEALTH,NE,14.0
GUTHRIE COUNTY HOSPITAL,IA,14.0
GUTTENBERG MUNICIPAL HOSPITAL,IA,14.0
HARLINGEN MEDICAL CENTER,TX,14.0
HAWARDEN REGIONAL HEALTHCARE,IA,14.0
HIAWATHA COMMUNITY HOSPITAL,KS,14.0
HIGH POINT REGIONAL HEALTH SYSTEM,NC,14.0
HOAG MEMORIAL HOSPITAL PRESBYTERIAN,CA,14.0
HOLZER MEDICAL CENTER,OH,14.0
HOWARD YOUNG MEDICAL CENTER,WI,14.0
HUTCHINSON REGIONAL MEDICAL CENTER INC,KS,14.0
JOHN D ARCHBOLD MEMORIAL HOSPITAL,GA,14.0
KETTERING HEALTH DAYTON,OH,14.0
LEXINGTON MEDICAL CENTER,SC,14.0
LICKING MEMORIAL HOSPITAL,OH,14.0
LINCOLN HOSPITAL,WA,14.0
LOVELACE REGIONAL HOSPITAL - ROSWELL,NM,14.0
LOWER KEYS MEDICAL CENTER,FL,14.0
M HEALTH FAIRVIEW ST JOHN'S HOSPITAL,MN,14.0
MARSHFIELD MEDICAL CENTER - LADYSMITH,WI,14.0
MCLAREN NORTHERN MICHIGAN,MI,14.0
MEMORIAL HERMANN KATY HOSPITAL,TX,14.0
MEMORIAL HERMANN SURGICAL HOSPITAL KINGWOOD,TX,14.0
MERCY HEALTH - FAIRFIELD HOSPITAL,OH,14.0
MERCY HEALTH - URBANA HOSPITAL,OH,14.0
MERCY HOSPITAL FORT SMITH,AR,14.0
MERCY HOSPITAL OZARK,AR,14.0
MERCY HOSPITAL PARIS,AR,14.0
MERCY HOSPITAL WASHINGTON,MO,14.0
"MERCY HOSPITAL, INC",KS,14.0
METHODIST HEALTHCARE - OLIVE BRANCH HOSPITAL,MS,14.0
MOBILE INFIRMARY MEDICAL CENTER,AL,14.0
MONTEFIORE MOUNT VERNON HOSPITAL,NY,14.0
MONTROSE REGIONAL HEALTH,CO,14.0
MUNSON HEALTHCARE MANISTEE HOSPITAL,MI,14.0
NEBRASKA ORTHOPAEDIC HOSPITAL,NE,14.0
NEMAHA VALLEY COMMUNITY HOSPITAL,KS,14.0
NESHOBA COUNTY GENERAL HOSPITAL,MS,14.0
NEWBERRY COUNTY MEMORIAL HOSPITAL,SC,14.0
NORTHEAST REGIONAL MEDICAL CENTER,MO,14.0
NORTHEASTERN VERMONT REGIONAL HOSPITAL,VT,14.0
NORTHERN LOUISIANA MEDICAL CENTER,LA,14.0
NORTHSIDE HOSPITAL DULUTH,GA,14.0
NORTHSIDE HOSPITAL FORSYTH,GA,14.0
NORTHWEST HEALTH - PORTER,IN,14.0
NORTHWEST SURGICAL HOSPITAL,OK,14.0
NORTHWESTERN MEDICINE KISHWAUKEE HOSPITAL,IL,14.0
NOVANT HEALTH THOMASVILLE MEDICAL CENTER,NC,14.0
OCEAN MEDICAL CENTER,NJ,14.0
OCHSNER SCOTT REGIONAL,MS,14.0
OCHSNER ST MARTIN HOSPITAL,LA,14.0
OSF SAINT LUKE MEDICAL CENTER,IL,14.0
OSF SAINT PAUL MEDICAL CENTER,IL,14.0
"OUR LADY OF LOURDES REGIONAL MEDICAL CENTER, INC",LA,14.0
OUR LADY OF THE ANGELS HOSPITAL,LA,14.0
OWENSBORO HEALTH REGIONAL HOSPITAL,KY,14.0
OZARKS COMMUNITY HOSPITAL OF GRAVETTE,AR,14.0
PANA COMMUNITY HOSPITAL,IL,14.0
PARKER ADVENTIST HOSPITAL,CO,14.0
PENN PRESBYTERIAN MEDICAL CENTER,PA,14.0
PHELPS MEMORIAL HEALTH CENTER,NE,14.0
PIEDMONT WALTON HOSPITAL,GA,14.0
POPLAR BLUFF VA MEDICAL CENTER,MO,14.0
PRISMA HEALTH  PATEWOOD HOSPITAL,SC,14.0
PROVIDENCE QUEEN OF THE VALLEY MEDICAL CENTER,CA,14.0
REDLANDS COMMUNITY HOSPITAL,CA,14.0
RIVERSIDE DOCTORS' HOSPITAL OF WILLIAMSBURG,VA,14.0
RIVERSIDE WALTER REED HOSPITAL,VA,14.0
RONALD REAGAN UCLA MEDICAL CENTER,CA,14.0
ROPER ST FRANCIS HOSPITAL-BERKELEY INC,SC,14.0
SAINT JOHN'S HEALTH CENTER,CA,14.0
SAINT JOSEPH BEREA,KY,14.0
SAINT THOMAS RIVER PARK HOSPITAL,TN,14.0
SALINAS VALLEY MEMORIAL HOSPITAL,CA,14.0
SANFORD MEDICAL CENTER FARGO,ND,14.0
"SARTORI MEMORIAL HOSPITAL, INC",IA,14.0
SEBASTIAN RIVER MEDICAL CENTER,FL,14.0
SHARON REGIONAL HEALTH SYSTEM,PA,14.0
SHOSHONE MEDICAL CENTER,ID,14.0
SOUTHEAST GEORGIA HEALTH SYSTEM -- CAMDEN CAMPUS,GA,14.0
SOUTHERN TENNESSEE REGIONAL HEALTH SYSTEM PULASKI,TN,14.0
ST CLARE HOSPITAL,WA,14.0
ST JOHNS HOSPITAL,IL,14.0
ST JOHNS MEDICAL CENTER,WY,14.0
ST MARGARETS HOSPITAL,IL,14.0
ST MARK'S HOSPITAL,UT,14.0
ST MARY'S HOSPITAL,GA,14.0
STEPHENS COUNTY HOSPITAL,GA,14.0
STILLWATER MEDICAL-BLACKWELL,OK,14.0
SUNNYVIEW HOSPITAL AND REHABILITATION CENTER,NY,14.0
SURGICAL SPECIALTY CENTER OF BATON ROUGE,LA,14.0
SUTTER COAST HOSPITAL,CA,14.0
SWEDISH EDMONDS HOSPITAL,WA,14.0
SYRINGA GENERAL HOSPITAL,ID,14.0
TERRE HAUTE REGIONAL HOSPITAL,IN,14.0
TEXAS HEALTH HARRIS METHODIST HOSPITAL AZLE,TX,14.0
THE HEALTH CARE AUTHORITY OF THE CITY OF GREENVILLE- LV STABLER HOSPITAL,AL,14.0
"TIDALHEALTH PENINSULA REGIONAL, INC",MD,14.0
TOWNER COUNTY MEDICAL CENTER,ND,14.0
TRINITY - BETTENDORF,IA,14.0
UCHEALTH GRANDVIEW HOSPITAL,CO,14.0
"UNITED HEALTH SERVICES HOSPITALS, INC",NY,14.0
UNIVERSITY OF MD HARFORD MEMORIAL HOSPITAL,MD,14.0
UNIVERSITY OF WASHINGTON MEDICAL CTR,WA,14.0
UNM HOSPITAL,NM,14.0
UPMC CHAUTAUQUA AT WCA,NY,14.0
VA CENTRAL IOWA HEALTHCARE SYSTEM,IA,14.0
VA N CALIFORNIA HEALTHCARE SYSTEM,CA,14.0
VIDANT BERTIE  HOSPITAL,NC,14.0
WAHIAWA GENERAL HOSPITAL,HI,14.0
WALLOWA MEMORIAL HOSPITAL,OR,14.0
WARREN MEMORIAL HOSPITAL,VA,14.0
WAVERLY HEALTH CENTER,IA,14.0
WESTON COUNTY HEALTH SERVICES,WY,14.0
WHIDBEYHEALTH MEDICAL CENTER,WA,14.0
WILKES-BARRE GENERAL HOSPITAL,PA,14.0
WILSON N JONES REGIONAL MEDICAL CENTER,TX,14.0
WITHAM HEALTH SERVICES,IN,14.0
WOODHULL MEDICAL & MENTAL HEALTH CENTER,NY,14.0
YAKIMA VALLEY MEMORIAL,WA,14.0
ZUNI COMPREHENSIVE COMMUNITY HEALTH CENTER,NM,14.0
ST ELIZABETH MEDICAL CENTER,MN,14.05
ST MARY'S REGIONAL MEDICAL CENTER,ME,14.05
MERCY HOSPITAL,CA,14.0666666666667
ST FRANCIS HOSPITAL,DE,14.0666666666667
ABRAZO CENTRAL CAMPUS,AZ,14.1
ADIRONDACK MEDICAL CENTER - SARANAC LAKE,NY,14.1
ADVENTHEALTH SHAWNEE MISSION,KS,14.1
ADVENTHEALTH WATERMAN,FL,14.1
AHN WEXFORD HOSPITAL,PA,14.1
ALASKA NATIVE MEDICAL CENTER,AK,14.1
ALEXANDRIA VA MEDICAL CENTER,LA,14.1
ALEXIAN BROTHERS MEDICAL CENTER 1,IL,14.1
ALLEGHANY  MEMORIAL HOSPITAL,NC,14.1
ALLEN HOSPITAL,IA,14.1
ASCENSION  SETON HAYS,TX,14.1
ASCENSION ST VINCENT ANDERSON,IN,14.1
ATHENS LIMESTONE HOSPITAL,AL,14.1
AVERA DELLS AREA HOSPITAL  - CAH,SD,14.1
AVERA FLANDREAU HOSPITAL - CAH,SD,14.1
AVERA SACRED HEART HOSPITAL,SD,14.1
BANNER - UNIVERSITY MEDICAL CENTER TUCSON CAMPUS,AZ,14.1
BAPTIST HEALTH HARDIN,KY,14.1
BAPTIST HEALTH LEXINGTON,KY,14.1
BAPTIST HEALTH MEDICAL CENTER - JACKSONVILLE,FL,14.1
BAPTIST HEALTH RICHMOND,KY,14.1
BAPTIST MEDICAL CENTER - NASSAU,FL,14.1
"BAPTIST MEMORIAL HOSPITAL - CALHOUN, INC.",MS,14.1
BARSTOW COMMUNITY HOSPITAL,CA,14.1
BARTLETT REGIONAL HOSPITAL,AK,14.1
BARTOW REGIONAL MEDICAL CENTER,FL,14.1
BENEWAH COMMUNITY HOSPITAL,ID,14.1
BLUEGRASS COMMUNITY HOSPITAL,KY,14.1
BOUNDARY COMMUNITY HOSPITAL,ID,14.1
BRONSON LAKEVIEW HOSPITAL,MI,14.1
BUCHANAN COUNTY HEALTH CENTER,IA,14.1
BURGESS HEALTH CENTER,IA,14.1
BUTLER MEMORIAL HOSPITAL,PA,14.1
CALDWELL MEDICAL CENTER,KY,14.1
CALIFORNIA PACIFIC MEDICAL CENTER- VAN NESS CAMPUS,CA,14.1
CAMERON MEMORIAL COMMUNITY HOSPITAL INC,IN,14.1
CAMPBELL COUNTY HEALTH,WY,14.1
CENTRACARE - BENSON,MN,14.1
CENTRACARE HEALTH SYSTEM - LONG PRAIRIE,MN,14.1
CHESTNUT HILL HOSPITAL,PA,14.1
CHI HEALTH ST. ELIZABETH,NE,14.1
CHRISTUS MOTHER FRANCES HOSPITAL,TX,14.1
CHRISTUS MOTHER FRANCES HOSPITAL SULPHUR SPRINGS,TX,14.1
CIMARRON MEMORIAL HOSPITAL,OK,14.1
CLAREMORE INDIAN HOSPITAL,OK,14.1
CLARK REGIONAL MEDICAL CENTER,KY,14.1
CLAY COUNTY MEMORIAL HOSPITAL,TX,14.1
COAST PLAZA HOSPITAL,CA,14.1
COLUSA MEDICAL CENTER,CA,14.1
COMMUNITY HOSPITAL OF ANDERSON AND MADISON COUNTY,IN,14.1
COMMUNITY HOSPITAL OF STAUNTON,IL,14.1
COSHOCTON REGIONAL MEDICAL CENTER,OH,14.1
COX MEDICAL CENTERS,MO,14.1
CRYSTAL CLINIC ORTHOPAEDIC CENTER,OH,14.1
CULLMAN REGIONAL MEDICAL CENTER,AL,14.1
DALLAS COUNTY HOSPITAL,IA,14.1
DECATUR COUNTY HOSPITAL,IA,14.1
DECATUR MORGAN HOSPITAL - DECATUR CAMPUS,AL,14.1
DEKALB COMMUNITY HOSPITAL,TN,14.1
DOCTORS MEMORIAL HOSPITAL INC,FL,14.1
DOUGLAS COUNTY MEMORIAL HOSPITAL-CAH,SD,14.1
DURHAM VA MEDICAL CENTER,NC,14.1
EDGEWOOD SURGICAL HOSPITAL,PA,14.1
EFFINGHAM HEALTH SYSTEM,GA,14.1
ESSENTIA HEALTH ST MARYS - DETROIT LAKES,MN,14.1
EVANGELICAL COMMUNITY HOSPITAL,PA,14.1
EVERGREENHEALTH MONROE,WA,14.1
EXETER HOSPITAL INC,NH,14.1
FAIRVIEW REGIONAL MEDICAL CENTER AUTHORITY,OK,14.1
FAULKNER HOSPITAL-BRIGHAM AND WOMEN'S,MA,14.1
FISHER-TITUS HOSPITAL,OH,14.1
FORT SANDERS REGIONAL MEDICAL CENTER,TN,14.1
"FRANCISCAN HEALTH RENSSELAER, INC",IN,14.1
GADSDEN REGIONAL MEDICAL CENTER,AL,14.1
GEORGETOWN COMMUNITY HOSPITAL,KY,14.1
GOOD SHEPHERD MEDICAL CENTER,OR,14.1
GREENE COUNTY MEDICAL CENTER,IA,14.1
GRIFFIN HOSPITAL,CT,14.1
GRUNDY COUNTY MEMORIAL HOSPITAL,IA,14.1
GUNDERSEN ST JOSEPHS HOSPITAL AND CLINICS,WI,14.1
HANSEN FAMILY HOSPITAL,IA,14.1
"HASKELL REGIONAL HOSPITAL, INC",OK,14.1
HAXTUN HOSPITAL DISTRICT,CO,14.1
HAYS MEDICAL CENTER,KS,14.1
HAYWOOD REGIONAL MEDICAL CENTER,NC,14.1
HERITAGE VALLEY SEWICKLEY,PA,14.1
HEYWOOD HOSPITAL,MA,14.1
HIGHLANDS MEDICAL CENTER,AL,14.1
HIGHLINE MEDICAL CENTER,WA,14.1
HOLTON COMMUNITY HOSPITAL,KS,14.1
HOLY CROSS HOSPITAL A DIV OF TAOS HEALTH SYSTEMS,NM,14.1
INDIANA UNIVERSITY HEALTH PAOLI HOSPITAL,IN,14.1
JACKSON-MADISON COUNTY GENERAL HOSPITAL,TN,14.1
JEWISH HOSPITAL & ST MARY'S HEALTHCARE,KY,14.1
JOHN C FREMONT HEALTHCARE DISTRICT,CA,14.1
KAISER FOUNDATION HOSP SO SACRAMENTO,CA,14.1
KIMBALL HEALTH SERVICES,NE,14.1
KIOWA DISTRICT HOSPITAL,KS,14.1
LAKE MARTIN COMMUNITY HOSPITAL,AL,14.1
LAREDO MEDICAL CENTER,TX,14.1
LEGACY MOUNT HOOD MEDICAL CENTER,OR,14.1
LEGACY SILVERTON MEDICAL CENTER,OR,14.1
LORING HOSPITAL,IA,14.1
LUTHERAN MEDICAL CENTER,CO,14.1
M HEALTH FAIRVIEW WOODWINDS HOSPITAL,MN,14.1
MANATEE MEMORIAL HOSPITAL,FL,14.1
MARSHFIELD MEDICAL CENTER - RICE LAKE,WI,14.1
MARY RUTAN HOSPITAL,OH,14.1
MAYO CLINIC HEALTH SYSTEM - FAIRMONT,MN,14.1
MAYO CLINIC HEALTH SYSTEM CHIPPEWA VALLEY,WI,14.1
MCPHERSON HOSPITAL,KS,14.1
MEDSTAR FRANKLIN SQUARE MEDICAL CENTER,MD,14.1
MEMORIAL HERMANN SUGAR LAND HOSPITAL,TX,14.1
MEMORIAL HOSPITAL OF CONVERSE COUNTY,WY,14.1
MEMORIALCARE SADDLEBACK MEDICAL CENTER,CA,14.1
MERCY ALLEN HOSPITAL,OH,14.1
MERCY HEALTH - DEFIANCE HOSPITAL,OH,14.1
MERCY HEALTH - TIFFIN HOSPITAL,OH,14.1
MERCY HEALTH SAINT MARY'S,MI,14.1
MERCY HOSPITAL GUTHRIE,OK,14.1
MERCY WALWORTH HOSPITAL & MEDICAL CENTER,WI,14.1
MERCYONE ELKADER MEDICAL CENTER,IA,14.1
METHODIST CHARLTON MEDICAL CENTER,TX,14.1
MIDDLE PARK MEDICAL CENTER,CO,14.1
MISSISSIPPI BAPTIST MEDICAL CENTER,MS,14.1
MISSOURI BAPTIST SULLIVAN HOSPITAL,MO,14.1
MITCHELL COUNTY HOSPITAL DISTRICT,TX,14.1
MONROE HOSPITAL,IN,14.1
MORRILL COUNTY COMMUNITY HOSPITAL,NE,14.1
MT. GRAHAM REGIONAL MEDICAL CENTER,AZ,14.1
MYMICHIGAN MEDICAL CENTER MIDLAND,MI,14.1
NATHAN LITTAUER HOSPITAL,NY,14.1
NIAGARA FALLS MEMORIAL MEDICAL CENTER,NY,14.1
NMC HEALTH,KS,14.1
NORTH BIG HORN HOSPITAL DISTRICT,WY,14.1
"NORTH HAWAII COMMUNITY HOSPITAL, INC",HI,14.1
NORTH MISSISSIPPI MEDICAL CENTER,MS,14.1
NORTH VALLEY HEALTH CENTER,MN,14.1
NORTHEAST GEORGIA MEDICAL CENTER LUMPKIN,GA,14.1
NORTHSIDE HOSPITAL,GA,14.1
NORTHWEST HILLS SURGICAL HOSPITAL,TX,14.1
OAKLEAF SURGICAL HOSPITAL,WI,14.1
OCHILTREE GENERAL HOSPITAL,TX,14.1
OGDEN REGIONAL MEDICAL CENTER,UT,14.1
OLEAN GENERAL HOSPITAL,NY,14.1
OMAHA VA MEDICAL CENTER (VA NEBRASKA WESTERN IOWA HEALTHCARE SYSTEM),NE,14.1
OVERLAKE HOSPITAL MEDICAL CENTER,WA,14.1
"PARKVIEW WABASH HOSPITAL, INC",IN,14.1
PENN HIGHLANDS HUNTINGDON,PA,14.1
PERSHING MEMORIAL HOSPITAL,MO,14.1
PHELPS MEMORIAL HOSPITAL CENTER,NY,14.1
PIPESTONE COUNTY  MEDICAL CENTER,MN,14.1
POPLAR BLUFF REGIONAL MEDICAL CENTER,MO,14.1
PORTNEUF MEDICAL CENTER,ID,14.1
PRISMA HEALTH BAPTIST PARKRIDGE,SC,14.1
PROCTOR HOSPITAL,IL,14.1
PUNXSUTAWNEY AREA HOSPITAL,PA,14.1
PURCELL MUNICIPAL HOSPITAL,OK,14.1
ROGER WILLIAMS MEDICAL CENTER,RI,14.1
ROLLING PLAINS MEMORIAL HOSPITAL,TX,14.1
RUTLAND REGIONAL MEDICAL CENTER,VT,14.1
"SAINT FRANCIS HOSPITAL, INC",OK,14.1
SAINT LUKE'S EAST  HOSPITAL,MO,14.1
SAINT VINCENT HOSPITAL,PA,14.1
SAMARITAN HOSPITAL,WA,14.1
SARASOTA MEMORIAL HOSPITAL,FL,14.1
SEDAN CITY HOSPITAL,KS,14.1
SENTARA WILLIAMSBURG REGIONAL MEDICAL CENTER,VA,14.1
SOUTHEAST COLORADO HOSPITAL DISTRICT,CO,14.1
SOUTHERN COOS HOSPITAL & HEALTH CENTER,OR,14.1
SOUTHERN MONTEREY COUNTY MEMORIAL HOSPITAL,CA,14.1
SOUTHWEST MEMORIAL HOSPITAL,CO,14.1
SPARTANBURG MEDICAL CENTER,SC,14.1
SSM HEALTH ST ANTHONY HOSPITAL - SHAWNEE,OK,14.1
ST CATHERINE HOSPITAL INC,IN,14.1
ST FRANCIS MEMORIAL HOSPITAL,NE,14.1
ST JAMES HEALTHCARE,MT,14.1
ST LUKE COMMUNITY HOSPITAL,MT,14.1
ST LUKE'S THE WOODLANDS HOSPITAL,TX,14.1
ST LUKES HOSPITAL OF KANSAS CITY,MO,14.1
"ST MARY CORWIN MED CTR, CENTURA HEALTH",CO,14.1
STORMONT VAIL HOSPITAL,KS,14.1
SUMMA HEALTH SYSTEM,OH,14.1
SUMMIT HEALTHCARE REGIONAL MEDICAL CENTER,AZ,14.1
SYRACUSE AREA HEALTH,NE,14.1
TAYLORVILLE MEMORIAL HOSPITAL,IL,14.1
TEXAS HEALTH HOSPITAL FRISCO,TX,14.1
TEXAS HEALTH PRESBYTERIAN HOSPITAL DENTON,TX,14.1
TITUS REGIONAL MEDICAL CENTER,TX,14.1
TITUSVILLE AREA HOSPITAL,PA,14.1
TRI-CITY MEDICAL CENTER,CA,14.1
TRISTAR NORTHCREST MEDICAL CENTER,TN,14.1
UH REGIONAL HOSPITALS,OH,14.1
UNION MEDICAL CENTER,SC,14.1
UNITED MEDICAL CENTER,DC,14.1
UNIVERSITY MEDICAL CENTER OF EL PASO,TX,14.1
UNIVERSITY OF KENTUCKY HOSPITAL,KY,14.1
UNIVERSITY OF MISSISSIPPI MEDICAL CENTER- GRENADA,MS,14.1
UPMC WILLIAMSPORT,PA,14.1
UT HEALTH EAST TEXAS QUITMAN HOSPITAL,TX,14.1
VA GULF COAST HEALTHCARE SYSTEM,MS,14.1
VALLEY WEST COMMUNITY HOSPITAL,IL,14.1
VAN WERT COUNTY HOSPITAL,OH,14.1
VIRGINIA GAY HOSPITAL,IA,14.1
WASHINGTON COUNTY REGIONAL MEDICAL CENTER,GA,14.1
WELLSPAN WAYNESBORO HOSPITAL,PA,14.1
CLAY COUNTY HOSPITAL,AL,14.15
UNITY MEDICAL CENTER,ND,14.15
ST FRANCIS MEDICAL CENTER,LA,14.1666666666667
ST JOSEPH'S HOSPITAL,AZ,14.1666666666667
ABBEVILLE GENERAL HOSPITAL,LA,14.2
ADVENTHEALTH SEBRING,FL,14.2
ADVENTIST HEALTH PORTLAND,OR,14.2
ADVENTIST HEALTH REEDLEY,CA,14.2
ADVENTIST HEALTH TILLAMOOK,OR,14.2
ALICE PECK DAY MEMORIAL HOSPITAL,NH,14.2
ANDALUSIA HEALTH,AL,14.2
ANDERSON REGIONAL MEDICAL CENTER,MS,14.2
ANNA HOSPITAL CORPORATION D/B/A UNION COUNTY HOSPITAL,IL,14.2
ANTELOPE MEMORIAL HOSPITAL,NE,14.2
ARBOR HEALTH MORTON HOSPITAL,WA,14.2
ARNOT OGDEN MEDICAL CENTER,NY,14.2
ASCENSION BORGESS ALLEGAN HOSPITAL,MI,14.2
"ASCENSION PROVIDENCE HOSPITAL, SOUTHFIELD AND NOVI",MI,14.2
ASCENSION SACRED HEART GULF,FL,14.2
ASCENSION SE WISCONSIN HOSPITAL,WI,14.2
ASCENSION SETON BASTROP,TX,14.2
ASCENSION ST JOHN NOWATA,OK,14.2
ASCENSION ST VINCENT CLAY,IN,14.2
"ASPIRUS STEVENS POINT HOSPITAL & CLINICS, INC.",WI,14.2
ASTERA HEALTH,MN,14.2
ASTRIA TOPPENISH HOSPITAL,WA,14.2
AVERA HAND COUNTY MEMORIAL HOSPITAL AND CLINIC,SD,14.2
AVERA MARSHALL REGIONAL MEDICAL CTR,MN,14.2
BALLINGER MEMORIAL HOSPITAL,TX,14.2
BANNER BOSWELL MEDICAL CENTER,AZ,14.2
BANNER DESERT MEDICAL CENTER,AZ,14.2
BANNER-UNIVERSITY MEDICAL CENTER SOUTH CAMPUS,AZ,14.2
BAPTIST MEDICAL CENTER EAST,AL,14.2
BAYLOR SCOTT & WHITE MEDICAL CENTER PFLUGERVILLE,TX,14.2
BAYLOR SCOTT AND WHITE ORTHOPEDIC AND SPINE HOSPI,TX,14.2
BEAR LAKE MEMORIAL HOSPITAL,ID,14.2
BITTERROOT HEALTH - DALY HOSPITAL,MT,14.2
BRONSON BATTLE CREEK HOSPITAL,MI,14.2
BRONSON SOUTH HAVEN HOSPITAL,MI,14.2
BROOKINGS HEALTH SYSTEM,SD,14.2
BROWARD HEALTH IMPERIAL POINT,FL,14.2
BUENA VISTA REGIONAL MEDICAL CENTER,IA,14.2
CAMERON REGIONAL MEDICAL CENTER,MO,14.2
CANONSBURG GENERAL HOSPITAL,PA,14.2
CARIBOU MEDICAL CENTER,ID,14.2
"CARRIS HEALTH - REDWOOD, LLC",MN,14.2
CASCADE VALLEY HOSPITAL,WA,14.2
CASSIA REGIONAL HOSPITAL,ID,14.2
CAYUGA MEDICAL CENTER AT ITHACA,NY,14.2
CENTURA CASTLE ROCK ADVENTIST HOSPITAL,CO,14.2
CENTURA HEALTH-AVISTA ADVENTIST HOSPITAL,CO,14.2
CHAMBERS MEMORIAL HOSPITAL,AR,14.2
CHASE COUNTY COMMUNITY HOSPITAL,NE,14.2
CHELSEA HOSPITAL,MI,14.2
CHERRY COUNTY HOSPITAL,NE,14.2
CHI HEALTH NEBRASKA HEART,NE,14.2
CHI MERCY HEALTH,ND,14.2
CHI OAKES HOSPITAL,ND,14.2
CHI ST ALEXIUS HEALTH WILLISTON,ND,14.2
CHRISTUS SANTA ROSA HOSPITAL-SAN MARCOS,TX,14.2
CHRISTUS SPOHN HOSPITAL BEEVILLE,TX,14.2
CLARKE COUNTY HOSPITAL,IA,14.2
CLAY COUNTY MEDICAL CORPORATION,MS,14.2
COLUMBIA MEMORIAL HOSPITAL,NY,14.2
"COMMUNITY MEMORIAL HEALTHCARE, INC.",KS,14.2
COMMUNITY MEMORIAL HOSPITAL MEDICAL CENTER,IA,14.2
COPIAH COUNTY MEDICAL CENTER,MS,14.2
COX BARTON COUNTY HOSPITAL,MO,14.2
D W MCMILLAN MEMORIAL HOSPITAL,AL,14.2
DAYTON GENERAL HOSPITAL,WA,14.2
DECATUR COUNTY MEMORIAL HOSPITAL,IN,14.2
DESERT REGIONAL MEDICAL CENTER,CA,14.2
DUKE REGIONAL HOSPITAL,NC,14.2
DYERSBURG REGIONAL MEDICAL CENTER,TN,14.2
ELMHURST HOSPITAL CENTER,NY,14.2
ELMHURST MEMORIAL HOSPITAL,IL,14.2
FAIRVIEW NORTHLAND REGIONAL HOSPITAL,MN,14.2
FALL RIVER HOSPITAL - CAH,SD,14.2
FILLMORE COMMUNITY HOSPITAL,UT,14.2
FOSTORIA COMMUNITY HOSPITAL,OH,14.2
FOUNDATION SURGICAL HOSPITAL OF SAN ANTONIO,TX,14.2
FRANKLIN WOODS COMMUNITY HOSPITAL,TN,14.2
FRENCH HOSPITAL MEDICAL CENTER,CA,14.2
FRIO REGIONAL HOSPITAL,TX,14.2
FULTON COUNTY MEDICAL CENTER,PA,14.2
GALION COMMUNITY HOSPITAL,OH,14.2
GEISINGER ST. LUKE'S  HOSPITAL,PA,14.2
GENESIS MEDICAL CENTER-DEWITT,IA,14.2
GERALD CHAMPION REGIONAL MEDICAL CENTER,NM,14.2
GIFFORD MEDICAL CENTER,VT,14.2
GIRARD MEDICAL CENTER,KS,14.2
GOTHENBURG HEALTH,NE,14.2
"GRAFTON CITY HOSPITAL, INC",WV,14.2
GROVER C DILS MEDICAL CENTER,NV,14.2
HALE COUNTY HOSPITAL,AL,14.2
HANCOCK COUNTY HEALTH SYSTEM,IA,14.2
HARBOR BEACH COMMUNITY HOSPITAL,MI,14.2
HCA FLORIDA BLAKE HOSPITAL,FL,14.2
HCA FLORIDA ORANGE PARK HOSPITAL,FL,14.2
HEMPHILL COUNTY HOSPITAL,TX,14.2
HENRICO DOCTORS' HOSPITAL,VA,14.2
HENRY FORD ALLEGIANCE HEALTH,MI,14.2
HILLSBORO AREA HOSPITAL,IL,14.2
HOCKING VALLEY COMMUNITY HOSPITAL,OH,14.2
HOUSTON METHODIST WEST HOSPITAL,TX,14.2
HSHS ST ELIZABETH'S HOSPITAL,IL,14.2
HURON REGIONAL MEDICAL CENTER,SD,14.2
"INDIANA UNIVERSITY HEALTH JAY, INC.",IN,14.2
INOVA ALEXANDRIA HOSPITAL,VA,14.2
INOVA FAIRFAX HOSPITAL,VA,14.2
IOWA CITY VA MEDICAL CENTER,IA,14.2
IVINSON MEMORIAL HOSPITAL,WY,14.2
JAMESTOWN REGIONAL MEDICAL CENTER,ND,14.2
JOHN DEMPSEY HOSPITAL,CT,14.2
JOHN MUIR MEDICAL CENTER - WALNUT CREEK CAMPUS,CA,14.2
JOHNS HOPKINS BAYVIEW MEDICAL CENTER,MD,14.2
KEARNEY REGIONAL MEDICAL CENTER,NE,14.2
KETTERING HEALTH TROY,OH,14.2
KIMBLE HOSPITAL,TX,14.2
KIT CARSON COUNTY MEMORIAL HOSPITAL,CO,14.2
LADD MEMORIAL HOSPITAL,WI,14.2
LAKE CHARLES MEMORIAL HOSPITAL,LA,14.2
LAKE HEALTH BEACHWOOD MEDICAL CENTER,OH,14.2
LAKE VIEW MEMORIAL HOSPITAL,MN,14.2
LAWRENCE COUNTY HOSPITAL CAH,MS,14.2
LONGS PEAK HOSPITAL,CO,14.2
MACON COUNTY SAMARITAN MEMORIAL HOSPITAL,MO,14.2
MADISON HOSPITAL,MN,14.2
MADISON MEDICAL CENTER,MO,14.2
MADISON REGIONAL HEALTH SYSTEM,SD,14.2
MAJOR HOSPITAL,IN,14.2
MANHATTAN SURGICAL HOSPITAL LLC,KS,14.2
MARCUM AND WALLACE MEMORIAL HOSPITAL,KY,14.2
MARGARETVILLE MEMORIAL HOSPITAL,NY,14.2
MARSHALL COUNTY HOSPITAL,KY,14.2
MARY IMMACULATE HOSPITAL,VA,14.2
MAYERS MEMORIAL HOSPITAL,CA,14.2
MAYO CLINIC HEALTH SYSTEM - CANNON FALLS,MN,14.2
MAYO CLINIC HEALTH SYSTEM-NORTHLAND,WI,14.2
MCALESTER REGIONAL HEALTH CENTER,OK,14.2
MCLAREN LAPEER REGION,MI,14.2
MEMORIAL HERMANN - TEXAS MEDICAL CENTER,TX,14.2
MEMORIAL HERMANN MEMORIAL CITY HOSPITAL,TX,14.2
MENDOCINO COAST DISTRICT HOSPITAL,CA,14.2
MERCY HEALTH-ST RITA'S MEDICAL CENTER,OH,14.2
MERCY MEDICAL CENTER INC,MD,14.2
MERCY SPECIALTY HOSPITAL SOUTHEAST KANSAS,KS,14.2
MERCY ST FRANCIS HOSPITAL,MO,14.2
MERCYONE OELWEIN MEDICAL CENTER,IA,14.2
METHODIST HOSPITAL FOR SURGERY,TX,14.2
METHODIST HOSPITAL UNION COUNTY,KY,14.2
METHODIST MIDLOTHIAN MEDICAL CENTER,TX,14.2
METROHEALTH SYSTEM,OH,14.2
MIDWEST SURGICAL HOSPITAL LLC,NE,14.2
MILBANK AREA HOSPITAL/AVERA HEALTH,SD,14.2
MISSOURI DELTA MEDICAL CENTER,MO,14.2
MOUNT CARMEL EAST & WEST,OH,14.2
MUNISING MEMORIAL HOSPITAL,MI,14.2
NASHOBA VALLEY MEDICAL CENTER,MA,14.2
NEWMAN REGIONAL HEALTH,KS,14.2
NEWPORT COMMUNITY HOSPITAL,WA,14.2
NORTHEAST ALABAMA REGIONAL MEDICAL CENTER,AL,14.2
"NORTHEAST GEORGIA MEDICAL CENTER, INC",GA,14.2
NORTHERN REGIONAL HOSPITAL,NC,14.2
NORTHWEST MEDICAL CENTER,AL,14.2
OHIO VALLEY SURGICAL HOSPITAL,OH,14.2
OSBORNE COUNTY MEMORIAL HOSPITAL,KS,14.2
OTTAWA COUNTY HEALTH CENTER,KS,14.2
OWATONNA HOSPITAL,MN,14.2
OZARKS HEALTHCARE,MO,14.2
PAGE HOSPITAL,AZ,14.2
PALM BAY HOSPITAL,FL,14.2
PATIENTS' HOSPITAL OF REDDING,CA,14.2
PELHAM MEDICAL CENTER,SC,14.2
PELLA REGIONAL HEALTH CENTER,IA,14.2
PENN HIGHLANDS ELK,PA,14.2
PENN STATE HEALTH ST. JOSEPH,PA,14.2
PHILLIPS COUNTY HOSPITAL - CAH,MT,14.2
PHYSICIANS' MEDICAL CENTER LLC,IN,14.2
PIONEER MEDICAL CENTER,MT,14.2
POCAHONTAS MEMORIAL HOSPITAL,WV,14.2
PRESBYTERIAN ESPANOLA HOSPITAL,NM,14.2
PRESENTATION MEDICAL CENTER,ND,14.2
PRISMA HEALTH BAPTIST,SC,14.2
PRISMA HEALTH BAPTIST EASLEY HOSPITAL,SC,14.2
PROVIDENCE ST. JUDE MEDICAL CENTER,CA,14.2
PUTNAM COUNTY HOSPITAL,IN,14.2
REDMOND REGIONAL MEDICAL CENTER,GA,14.2
REEDSBURG AREA MEDICAL CENTER,WI,14.2
RICHARDSON MEDICAL CENTER,LA,14.2
RIDGEVIEW MEDICAL CENTER,MN,14.2
RINGGOLD COUNTY HOSPITAL,IA,14.2
RIVER FALLS AREA HOSPITAL,WI,14.2
RIVERVIEW HEALTH,IN,14.2
ROUND ROCK MEDICAL CENTER,TX,14.2
SACRED HEART HOSPITAL,FL,14.2
SAINT AGNES HOSPITAL,MD,14.2
SAINT JOSEPH REGIONAL MEDICAL CENTER - PLYMOUTH,IN,14.2
SAINT THOMAS RUTHERFORD HOSPITAL,TN,14.2
SAN LUIS VALLEY HEALTH CONEJOS COUNTY HOSPITAL,CO,14.2
SANFORD THIEF RIVER FALLS MEDICAL CENTER,MN,14.2
SANFORD VERMILLION HOSPITAL,SD,14.2
"SATANTA DISTRICT HOSPITAL, CLINICS, & LTCU",KS,14.2
SCHUYLKILL MEDICAL CENTER - SOUTH JACKSON STREET,PA,14.2
SEDGWICK COUNTY MEMORIAL HOSPITAL,CO,14.2
SHANNON MEDICAL CENTER,TX,14.2
SHORE MEDICAL CENTER,NJ,14.2
SOUTH FLORIDA BAPTIST HOSPITAL,FL,14.2
SOUTHEAST GEORGIA HEALTH SYSTEM- BRUNSWICK CAMPUS,GA,14.2
SOUTHEAST HEALTH MEDICAL CENTER,AL,14.2
SOUTHERN OCEAN MEDICAL CENTER,NJ,14.2
SOUTHERN TENNESSEE REGIONAL HLTH SYSTEM WINCHESTER,TN,14.2
SPRINGFIELD HOSPITAL,VT,14.2
SSM HEALTH ST ANTHONY HOSPITAL - MIDWEST,OK,14.2
ST ANDREW'S HOSPITAL,ND,14.2
ST CHARLES MADRAS,OR,14.2
ST CHARLES PRINEVILLE,OR,14.2
ST FRANCIS HOSPITAL- EMORY HEALTHCARE,GA,14.2
ST JOSEPH'S MEDICAL CENTER OF STOCKTON,CA,14.2
ST LUKE'S HOSPITAL,ND,14.2
ST LUKE'S MINERS MEMORIAL HOSPITAL,PA,14.2
ST VINCENT HOSPITAL,MA,14.2
ST VINCENTS BLOUNT,AL,14.2
ST. JOSEPH'S HOSPITAL AND MEDICAL CENTER,AZ,14.2
STE GENEVIEVE COUNTY MEMORIAL HOSPITAL,MO,14.2
STONE COUNTY MEDICAL CENTER,AR,14.2
"SUMMIT SURGICAL, LLC",KS,14.2
SUTTER AMADOR HOSPITAL,CA,14.2
TANNER MEDICAL CENTER - CARROLLTON,GA,14.2
TEXAS HEALTH HUGULEY HOSPITAL FORT WORTH SOUTH,TX,14.2
THE HEART HOSPITAL BAYLOR DENTON,TX,14.2
THE UNIVERSITY OF TEXAS HEALTH SCIENCE CENTER AT TYLER,TX,14.2
THEDACARE MEDICAL CENTER - NEW LONDON,WI,14.2
THIBODAUX REGIONAL MEDICAL CENTER,LA,14.2
THREE CROSSES REGIONAL HOSPITAL LLC,NM,14.2
THREE RIVERS HEALTH,MI,14.2
THREE RIVERS MEDICAL CENTER,KY,14.2
TUBA CITY REGIONAL HEALTH CARE CORPORATION,AZ,14.2
TWIN COUNTY REGIONAL HOSPITAL,VA,14.2
"TY COBB REGIONAL MEDICAL CENTER, LLC",GA,14.2
UMD UPPER CHESAPEAKE MEDICAL CENTER,MD,14.2
UNIV. OF VERMONT - FLETCHER ALLEN HEALTH CARE,VT,14.2
UNIVERSITY  OF KS HLTH SYSTEM GREAT BEND CAMPUS,KS,14.2
UNIVERSITY OF VIRGINIA MEDICAL CENTER,VA,14.2
UPMC MERCY,PA,14.2
USA HEALTH UNIVERSITY HOSPITAL,AL,14.2
VA ANN ARBOR HEALTHCARE SYSTEM,MI,14.2
VALLEY COUNTY HEALTH SYSTEM,NE,14.2
VERNON MEMORIAL HOSPITAL,WI,14.2
WADLEY REGIONAL MEDICAL CENTER AT HOPE,AR,14.2
WAGONER COMMUNITY HOSPITAL,OK,14.2
WASHAKIE MEDICAL CENTER,WY,14.2
WATAUGA MEDICAL CENTER,NC,14.2
WELLSTAR DOUGLAS HOSPITAL,GA,14.2
WEST RIVER REGIONAL MEDICAL CENTER,ND,14.2
WEST VALLEY MEDICAL CENTER,ID,14.2
WESTCHESTER MEDICAL CENTER,NY,14.2
WESTERN MISSOURI MEDICAL CENTER,MO,14.2
WINONA HEALTH SERVICES,MN,14.2
WRIGHT MEMORIAL HOSPITAL,MO,14.2
YUMA DISTRICT HOSPITAL,CO,14.2
ST JOSEPHS HOSPITAL,FL,14.25
MERCY REGIONAL MEDICAL CENTER,CO,14.3
ABROM KAPLAN MEMORIAL HOSPITAL,LA,14.3
ADAIR COUNTY MEMORIAL HOSPITAL,IA,14.3
ADVENTHEALTH CENTRAL TEXAS,TX,14.3
ADVENTHEALTH NORTH PINELLAS,FL,14.3
ADVENTHEALTH ROLLINS BROOK,TX,14.3
ADVOCATE CONDELL MEDICAL CENTER,IL,14.3
ALHAMBRA HOSPITAL MEDICAL CENTER,CA,14.3
ALLIANCE COMMUNITY HOSPITAL,OH,14.3
ASCENSION SETON  SOUTHWEST,TX,14.3
ASCENSION ST VINCENT WARRICK,IN,14.3
ASPIRUS EAGLE RIVER HOSPITAL,WI,14.3
ASPIRUS RIVERVIEW HOSPITAL & CLINICS INC,WI,14.3
ATLANTIC GENERAL HOSPITAL,MD,14.3
ATMORE COMMUNITY HOSPITAL,AL,14.3
ATRIUM HEALTH NAVICENT THE MEDICAL CENTER,GA,14.3
AULTMAN ORRVILLE HOSPITAL,OH,14.3
AVALA,LA,14.3
AVERA CREIGHTON HOSPITAL,NE,14.3
AVERA ST ANTHONY'S HOSPITAL,NE,14.3
AVERA TYLER HOSPITAL,MN,14.3
BANNER DEL E. WEBB MEDICAL CENTER,AZ,14.3
BAYLOR SCOTT & WHITE ALL SAINTS MEDICAL CENTER FORT WORTH,TX,14.3
BAYLOR SCOTT & WHITE HEART & VASCULAR HOSPITAL - DALLAS,TX,14.3
BAYLOR SURGICAL HOSPITAL AT LAS COLINAS,TX,14.3
BEAR RIVER VALLEY HOSPITAL,UT,14.3
BELLVILLE ST JOSEPH HEALTH CENTER,TX,14.3
BELOIT HEALTH SYSTEM,WI,14.3
BERGEN NEW BRIDGE MEDICAL CENTER,NJ,14.3
BLECKLEY MEMORIAL HOSPITAL,GA,14.3
BOONE COUNTY HOSPITAL,IA,14.3
BOONE MEMORIAL HOSPITAL,WV,14.3
BOSTON MEDICAL CENTER,MA,14.3
BRADLEY COUNTY MEDICAL CENTER,AR,14.3
BRONX VA MEDICAL CENTER,NY,14.3
BROOKWOOD BAPTIST MEDICAL CENTER,AL,14.3
BUCHANAN GENERAL HOSPITAL,VA,14.3
BUFFALO HOSPITAL,MN,14.3
CACHE VALLEY HOSPITAL,UT,14.3
"CALDWELL MEMORIAL HOSPITAL, INC",LA,14.3
CALVERTHEALTH MEDICAL CENTER,MD,14.3
CAPE FEAR VALLEY-BLADEN COUNTY HOSPITAL,NC,14.3
CARTERET GENERAL HOSPITAL,NC,14.3
CENTRA BEDFORD MEMORIAL HOSPITAL,VA,14.3
CENTRACARE HEALTH PAYNESVILLE HOSPITAL,MN,14.3
CENTRAL MONTANA MEDICAL CENTER,MT,14.3
CENTURA HEALTH-ST ANTHONY NORTH HEALTH CAMPUS,CO,14.3
CHARLES A CANNON JR MEMORIAL HOSPITAL,NC,14.3
CHARLESTON SURGICAL HOSPITAL,WV,14.3
CHENANGO MEMORIAL HOSPITAL,NY,14.3
CHI ST ALEXIUS HEALTH DEVILS LAKE,ND,14.3
CHI-ST VINCENT INFIRMARY,AR,14.3
CLARKSBURG VA MEDICAL CENTER,WV,14.3
CLINCH VALLEY MEDICAL CENTER,VA,14.3
COBRE VALLEY REGIONAL MEDICAL CENTER,AZ,14.3
COLLINGSWORTH GENERAL HOSPITAL,TX,14.3
COMMUNITY HOSPITAL NORTH,IN,14.3
"COMMUNITY HOSPITAL, ONAGA AND ST MARYS CAMPUS",KS,14.3
COMMUNITY HOSPITALS AND WELLNESS CENTERS,OH,14.3
CONEMAUGH MINERS MEDICAL CENTER,PA,14.3
COOPERSTOWN MEDICAL CENTER,ND,14.3
COTEAU DES PRAIRIES HEALTH CARE SYSTEM,SD,14.3
CREEK NATION COMMUNITY HOSPITAL,OK,14.3
CRESTWOOD MEDICAL CENTER,AL,14.3
CROSSING RIVERS HEALTH MEDICAL CENTER,WI,14.3
CROWNPOINT PHS INDIAN HOSPITAL,NM,14.3
DAMERON HOSPITAL,CA,14.3
DANIELS MEMORIAL HOSPITAL,MT,14.3
DAVIS MEDICAL CENTER,WV,14.3
DEER LODGE MEDICAL CENTER - CAH,MT,14.3
DOOR COUNTY MEDICAL CENTER,WI,14.3
EAST LOS ANGELES DOCTORS HOSPITAL,CA,14.3
EDWARDS COUNTY MEDICAL CENTER,KS,14.3
ELY BLOOMENSON COMMUNITY HOSPITAL,MN,14.3
ERIE VA MEDICAL CENTER,PA,14.3
ESSENTIA HEALTH DULUTH,MN,14.3
EVANSTON REGIONAL HOSPITAL,WY,14.3
EXCELA HEALTH LATROBE HOSPITAL,PA,14.3
FANNIN REGIONAL HOSPITAL,GA,14.3
FAULKTON AREA MEDICAL CENTER,SD,14.3
FERRY COUNTY MEMORIAL HOSPITAL,WA,14.3
FIRSTHEALTH MONTGOMERY MEMORIAL HOSP,NC,14.3
FLAGET MEMORIAL HOSPITAL,KY,14.3
FLEMING COUNTY HOSPITAL,KY,14.3
FRISBIE MEMORIAL HOSPITAL,NH,14.3
GENESIS HLTH SYSTEM DBA GENESIS MDL CTR-ILLINI,IL,14.3
GILA REGIONAL MEDICAL CENTER,NM,14.3
GLEN ROSE MEDICAL CENTER,TX,14.3
GRAND RIVER HOSPITAL DISTRICT,CO,14.3
GRANDE RONDE HOSPITAL,OR,14.3
GRANVILLE HEALTH SYSTEMS,NC,14.3
GREENFIELD AREA MEDICAL CENTER,OH,14.3
GROVE CITY MEDICAL CENTER,PA,14.3
GUNDERSEN PALMER LUTHERAN HOSPITAL AND CLINICS,IA,14.3
GUNDERSEN TRI-COUNTY HOSPITAL & CLINICS,WI,14.3
HACKENSACK MERIDIAN HEALTH PASCACK VALLEY MEDICAL,NJ,14.3
HAMILTON GENERAL HOSPITAL,TX,14.3
HANS P PETERSON MEMORIAL HOSPITAL - CAH,SD,14.3
HCA FLORIDA KENDALL HOSPITAL,FL,14.3
HEBER VALLEY HOSPITAL,UT,14.3
HENDRICK MEDICAL CENTER BROWNWOOD,TX,14.3
HIGHLAND DISTRICT HOSPITAL,OH,14.3
HIGHLANDS ARH REGIONAL MEDICAL CENTER,KY,14.3
HILLSBORO COMMUNITY HOSPITAL,KS,14.3
HILLSBORO MEDICAL CENTER,OR,14.3
HOAG ORTHOPEDIC INSTITUTE,CA,14.3
HOLLAND COMMUNITY HOSPITAL,MI,14.3
HOSPITAL PAVIA YAUCO,PR,14.3
HUDSON HOSPITAL,WI,14.3
HUGH CHATHAM MEMORIAL HOSPITAL,NC,14.3
HURLEY MEDICAL CENTER,MI,14.3
INDIAN PATH COMMUNITY HOSPITAL,TN,14.3
INDIANA UNIVERSITY HEALTH FRANKFORT INC,IN,14.3
INOVA LOUDOUN HOSPITAL,VA,14.3
INSTITUTE FOR ORTHOPAEDIC SURGERY,OH,14.3
INTEGRIS MIAMI HOSPITAL,OK,14.3
IOWA SPECIALTY HOSPITAL - CLARION,IA,14.3
JEFFERSON MEDICAL CENTER,WV,14.3
JOHNSON COUNTY HEALTHCARE CENTER,WY,14.3
KAISER FOUNDATION HOSPITAL - LOS ANGELES,CA,14.3
KAISER FOUNDATION HOSPITAL-SAN JOSE,CA,14.3
KALKASKA MEMORIAL HEALTH CENTER,MI,14.3
KANE COUNTY HOSPITAL,UT,14.3
KANSAS HEART HOSPITAL,KS,14.3
KINGMAN HEALTHCARE CENTER,KS,14.3
KONA COMMUNITY HOSPITAL,HI,14.3
LAKE NORMAN REGIONAL MEDICAL CENTER,NC,14.3
LAWRENCE & MEMORIAL HOSPITAL,CT,14.3
LECONTE MEDICAL CENTER,TN,14.3
LEHIGH VALLEY HOSPITAL - HAZLETON,PA,14.3
LINCOLN SURGICAL HOSPITAL,NE,14.3
MADISON COUNTY HEALTH CARE SYSTEM,IA,14.3
MAPLE GROVE HOSPITAL,MN,14.3
MARION REGIONAL MEDICAL CENTER,AL,14.3
MARSHFIELD MEDICAL CENTER - MINOCQUA,WI,14.3
MARY BRECKINRIDGE ARH HOSPITAL,KY,14.3
MASSACHUSETTS GENERAL HOSPITAL,MA,14.3
MAYO CLINIC HOSPITAL,AZ,14.3
MCCONE COUNTY HEALTH CENTER,MT,14.3
MEDICAL CENTER ENTERPRISE,AL,14.3
MEDINA MEMORIAL HOSPITAL,NY,14.3
MERCER COUNTY JOINT TOWNSHIP COMMUNITY HOSPITAL,OH,14.3
MERCY HARVARD HOSPITAL,IL,14.3
MERCY HOSPITAL JEFFERSON,MO,14.3
MERCY MEDICAL CENTER OF MT SHASTA,CA,14.3
MERIT HEALTH BILOXI,MS,14.3
MESA VIEW REGIONAL HOSPITAL,NV,14.3
METHODIST HOSPITAL OF SACRAMENTO,CA,14.3
MID VALLEY HOSPITAL,WA,14.3
MILTON S HERSHEY MEDICAL CENTER,PA,14.3
MINIDOKA MEMORIAL HOSPITAL,ID,14.3
MITCHELL COUNTY HOSPITAL HEALTH SYSTEMS,KS,14.3
MOBERLY REGIONAL MEDICAL CENTER,MO,14.3
MODOC MEDICAL CENTER,CA,14.3
MORGAN COUNTY ARH HOSPITAL,KY,14.3
MORROW COUNTY HOSPITAL,OH,14.3
MUNSON HEALTHCARE GRAYLING HOSPITAL,MI,14.3
NAPLES COMMUNITY HOSPITAL,FL,14.3
NAVARRO REGIONAL HOSPITAL,TX,14.3
NEMAHA COUNTY HOSPITAL,NE,14.3
NEWPORT HOSPITAL,RI,14.3
NOR-LEA HOSPITAL DISTRICT,NM,14.3
NORTH SUBURBAN MEDICAL CENTER,CO,14.3
NORTHERN LIGHT INLAND HOSPITAL,ME,14.3
NORTHERN LIGHT MERCY HOSPITAL,ME,14.3
NOVANT HEALTH MINT HILL MEDICAL CENTER,NC,14.3
OAKBEND MEDICAL CENTER,TX,14.3
OCHSNER MEDICAL CENTER-HANCOCK,MS,14.3
OPTIM MEDICAL CENTER - TATTNALL,GA,14.3
OSF SAINT ANTHONY'S HEALTH CENTER,IL,14.3
OUR LADY OF THE LAKE REGIONAL MEDICAL CENTER,LA,14.3
PARKVIEW WHITLEY HOSPITAL,IN,14.3
PAWNEE VALLEY COMMUNITY HOSPITAL,KS,14.3
PENN HIGHLANDS CONNELLSVILLE,PA,14.3
PENN STATE HEALTH HOLY SPIRIT MEDICAL CENTER,PA,14.3
PERMIAN REGIONAL MEDICAL CENTER ANDREWS COUNTY HO,TX,14.3
PETERSON REGIONAL MEDICAL CENTER,TX,14.3
PHOENIX INDIAN MEDICAL CENTER,AZ,14.3
PINCKNEYVILLE COMMUNITY HOSPITAL,IL,14.3
POTOMAC VALLEY HOSPITAL,WV,14.3
"PRAIRIE LAKES HEALTHCARE SYSTEM, INC",SD,14.3
PRINCETON BAPTIST MEDICAL CENTER,AL,14.3
PUSHMATAHA HOSPITAL,OK,14.3
READING HOSPITAL,PA,14.3
RIVERVIEW HOSPITAL,MN,14.3
RIVERWOOD HEALTHCARE CENTER,MN,14.3
RUSH COUNTY MEMORIAL HOSPITAL,KS,14.3
SAINT JOSEPH MERCY LIVINGSTON HOSPITAL,MI,14.3
SAINT JOSEPH REGIONAL MEDICAL CENTER,IN,14.3
SAINT MARY'S REGIONAL MEDICAL CENTER,NV,14.3
SALEM REGIONAL MEDICAL CENTER,OH,14.3
"SAMARITAN HOSPITAL OF TROY, NEW YORK",NY,14.3
SAN JUAN HOSPITAL,UT,14.3
SAN LUIS VALLEY REGIONAL  MEDICAL CENTER,CO,14.3
SANFORD CLEAR LAKE MEDICAL CENTER,SD,14.3
SANTA YNEZ VALLEY COTTAGE HOSPITAL,CA,14.3
SHARKEY ISSAQUENA COMMUNITY HOSPITAL,MS,14.3
SKY RIDGE MEDICAL CENTER,CO,14.3
SOUTH CENTRAL KS  MED CENTER,KS,14.3
SOUTHWESTERN VERMONT MEDICAL CENTER,VT,14.3
SPRING VIEW HOSPITAL,KY,14.3
SSM HEALTH ST MARY'S HOSPITAL JEFFERSON CITY,MO,14.3
ST CHARLES PARISH HOSPITAL,LA,14.3
ST DAVID'S MEDICAL CENTER,TX,14.3
ST DAVID'S SOUTH AUSTIN MEDICAL CENTER,TX,14.3
ST ELIZABETH COMMUNITY HOSPITAL,CA,14.3
ST JAMES PARISH HOSPITAL,LA,14.3
ST JOSEPH'S HOSPITAL - SAVANNAH,GA,14.3
ST MICHAEL'S HOSPITAL - CAH,SD,14.3
STAR VALLEY MEDICAL CENTER,WY,14.3
SUMMIT PACIFIC MEDICAL CENTER,WA,14.3
TALLAHASSEE MEMORIAL HEALTHCARE,FL,14.3
TEMPE ST LUKES HOSPITAL,AZ,14.3
TEXAS HEALTH HARRIS METHODIST HOSPITAL FORT WORTH,TX,14.3
THE HOSPITALS OF PROVIDENCE HORIZON CITY CAMPUS,TX,14.3
THE MONROE CLINIC,WI,14.3
TRINITY HOSPITALS,ND,14.3
TYLER COUNTY HOSPITAL,TX,14.3
UH ST JOHN MEDICAL CENTER,OH,14.3
"UNIVERSITY HEALTH SYSTEM, INC",TN,14.3
UNIVERSITY MEDICAL CENTER-MESABI/ MESABA CLINICS,MN,14.3
UPLAND HILLS HEALTH,WI,14.3
UPMC MCKEESPORT HOSPITAL,PA,14.3
UT HEALTH EAST TEXAS HENDERSON HOSPITAL,TX,14.3
VANDERBILT BEDFORD HOSPITAL,TN,14.3
WEST HOLT MEMORIAL HOSPITAL,NE,14.3
WEST KENDALL BAPTIST HOSPITAL,FL,14.3
WEST PENN HOSPITAL,PA,14.3
WINCHESTER MEDICAL CENTER,VA,14.3
WINSTON MEDICAL CENTER & SWINGBED,MS,14.3
"WOMANS HOSPITAL OF TEXAS,THE",TX,14.3
WOMEN & INFANTS HOSPITAL OF RHODE ISLAND,RI,14.3
WOODLAWN HOSPITAL,IN,14.3
WRAY COMMUNITY DISTRICT HOSPITAL,CO,14.3
MEMORIAL HOSPITAL,IL,14.3181818181818
COVENANT MEDICAL CENTER,MI,14.35
EMANUEL MEDICAL CENTER,CA,14.35
CITIZENS MEDICAL CENTER,KS,14.3666666666667
SPRINGHILL MEDICAL CENTER,AL,14.4
ADENA FAYETTE MEDICAL CENTER,OH,14.4
ALAMANCE REGIONAL MEDICAL CENTER,NC,14.4
ALLEN PARISH HOSPITAL,LA,14.4
ALTA BATES SUMMIT MEDICAL CENTER,CA,14.4
ARBUCKLE MEMORIAL HOSPITAL,OK,14.4
ARH OUR LADY OF THE WAY,KY,14.4
ASCENSION BORGESS LEE HOSPITAL,MI,14.4
ASCENSION NE WISCONSIN - ST ELIZABETH CAMPUS,WI,14.4
ASCENSION SAINT THOMAS HOSPITAL,TN,14.4
ASCENSION SETON EDGAR B DAVIS,TX,14.4
ASCENSION ST VINCENT MERCY,IN,14.4
ASCENSION ST VINCENT WILLIAMSPORT,IN,14.4
ASPIRUS IRONWOOD HOSPITAL,MI,14.4
ASPIRUS STANLEY HOSPITAL,WI,14.4
ATOKA COUNTY MEDICAL CENTER,OK,14.4
ATRIUM HEALTH ANSON,NC,14.4
AURORA ST LUKES MEDICAL CENTER,WI,14.4
AVERA GRANITE FALLS,MN,14.4
AVERA HOLY FAMILY HOSPITAL,IA,14.4
AVERA MERRILL PIONEER HOSPITAL,IA,14.4
AVERA ST BENEDICT HEALTH CENTER - CAH,SD,14.4
AVERA WESKOTA MEMORIAL MEDICAL CENTER - CAH,SD,14.4
"BAILEY MEDICAL CENTER, LLC",OK,14.4
BANNER THUNDERBIRD MEDICAL CENTER,AZ,14.4
BAPTIST MEMORIAL HOSPITAL TIPTON,TN,14.4
"BAPTIST MEMORIAL HOSPITAL-CRITTENDEN, INC",AR,14.4
"BARNESVILLE HOSPITAL ASSOCIATION, INC",OH,14.4
BAYLOR EMERGENCY MEDICAL CENTER AT AUBREY,TX,14.4
BAYLOR SCOTT & WHITE MEDICAL CENTER - ROUND ROCK,TX,14.4
BAYLOR SCOTT & WHITE MEDICAL CENTER- AUSTIN,TX,14.4
BEAVER VALLEY HOSPITAL,UT,14.4
BECKLEY VA MEDICAL CENTER,WV,14.4
BELL HOSPITAL,MI,14.4
BETH ISRAEL DEACONESS HOSPITAL - NEEDHAM,MA,14.4
BIBB MEDICAL CENTER,AL,14.4
BLESSING HOSPITAL,IL,14.4
BLUFFTON HOSPITAL,OH,14.4
BOISE VA MEDICAL CENTER,ID,14.4
BON SECOURS RICHMOND COMMUNITY HOSPITAL,VA,14.4
BOONE COUNTY HEALTH CENTER,NE,14.4
BOULDER CITY HOSPITAL,NV,14.4
BOULDER COMMUNITY HEALTH,CO,14.4
BURKE MEDICAL CENTER,GA,14.4
"CABELL HUNTINGTON HOSPITAL, INC",WV,14.4
CALDWELL MEMORIAL HOSPITAL,NC,14.4
CALLAHAN EYE HOSPITAL,AL,14.4
CARILION FRANKLIN MEMORIAL HOSPITAL,VA,14.4
CARLE EUREKA  HOSPITAL,IL,14.4
CAROMONT REGIONAL MEDICAL CENTER,NC,14.4
CARROLL HOSPITAL CENTER,MD,14.4
CASA COLINA HOSPITAL,CA,14.4
CENTERPOINT MEDICAL CENTER,MO,14.4
CENTRACARE HEALTH SYSTEM - SAUK CENTRE,MN,14.4
CENTRAL VALLEY MEDICAL CENTER - CAH,UT,14.4
CHATHAM HOSPITAL INC,NC,14.4
CHI HEALTH PLAINVIEW HOSPITAL,NE,14.4
CHI MEMORIAL HOSPITAL- GEORGIA,GA,14.4
CHRIST HOSPITAL,OH,14.4
CHRISTUS OCHSNER LAKE AREA HOSPITAL,LA,14.4
CHRISTUS SANTA ROSA MEDICAL CENTER,TX,14.4
CHRISTUS SPOHN HOSPITAL KLEBERG,TX,14.4
CIBOLA GENERAL HOSPITAL,NM,14.4
CLEARWATER VALLEY HOSPITAL & CLINICS,ID,14.4
CLIFTON SPRINGS HOSPITAL AND CLINIC,NY,14.4
"COLISEUM MEDICAL CENTERS, LLC, DBA",GA,14.4
COLLETON MEDICAL CENTER,SC,14.4
COLUMBUS REGIONAL HEALTHCARE SYSTEM,NC,14.4
COMMONWEALTH HEALTH CENTER,MP,14.4
"COMMUNITY HOSPITAL, LLC",OK,14.4
CONEMAUGH MEYERSDALE MEDICAL CENTER,PA,14.4
"CONWAY REGIONAL MEDICAL CENTER, INC",AR,14.4
CORNING HOSPITAL,NY,14.4
COULEE MEDICAL CENTER,WA,14.4
CRAWFORD MEMORIAL HOSPITAL,IL,14.4
CROOK COUNTY HOSPITAL,WY,14.4
CUMBERLAND MEMORIAL HOSPITAL,WI,14.4
CURRY GENERAL HOSPITAL,OR,14.4
DALLAS MEDICAL CENTER,TX,14.4
DECATUR HEALTH,KS,14.4
DUKE UNIVERSITY HOSPITAL,NC,14.4
EASTERN RIO BLANCO COUNTY HEALTH SERVICE DISTRICT,CO,14.4
EXCELA HEALTH - FRICK HOSPITAL,PA,14.4
FAIRVIEW PARK HOSPITAL,GA,14.4
FRANKLIN GENERAL HOSPITAL,IA,14.4
FRESNO SURGICAL HOSPITAL,CA,14.4
FULTON COUNTY HOSPITAL,AR,14.4
GALLUP INDIAN MEDICAL CENTER,NM,14.4
GARFIELD MEMORIAL HOSPITAL,UT,14.4
GARRISON MEMORIAL HOSPITAL,ND,14.4
GOUVERNEUR HOSPITAL,NY,14.4
GRACE COTTAGE HOSPITAL,VT,14.4
GROVE HILL MEMORIAL HOSPITAL,AL,14.4
GUNDERSEN BOSCOBEL AREA HOSPITAL AND CLINICS,WI,14.4
HABERSHAM COUNTY MEDICAL CTR,GA,14.4
HACKENSACK UNIVERSITY MEDICAL CENTER,NJ,14.4
HAMMOND HENRY HOSPITAL,IL,14.4
HAWKINS COUNTY MEMORIAL HOSPITAL,TN,14.4
HCA HOUSTON HEALTHCARE CLEAR LAKE,TX,14.4
HEALDSBURG HOSPITAL,CA,14.4
HEART OF AMERICA MEDICAL CENTER,ND,14.4
HENDERSON HOSPITAL,NV,14.4
HENDRICKS COMMUNITY HOSPITAL,MN,14.4
HENRY COUNTY MEMORIAL HOSPITAL,IN,14.4
HERITAGE VALLEY BEAVER,PA,14.4
HOLDENVILLE GENERAL HOSPITAL,OK,14.4
HORN MEMORIAL HOSPITAL,IA,14.4
HOULTON REGIONAL HOSPITAL,ME,14.4
HOUSTON METHODIST HOSPITAL,TX,14.4
HOWARD COUNTY MEDICAL CENTER,NE,14.4
HUGGINS HOSPITAL,NH,14.4
HUNTSVILLE HOSPITAL,AL,14.4
INDIANA UNIVERSITY HEALTH TIPTON HOSPITAL INC,IN,14.4
J ARTHUR DOSHER MEMORIAL HOSPITAL,NC,14.4
JACKSON COUNTY REGIONAL HEALTH CENTER,IA,14.4
JENNIE M MELHAM MEMORIAL MEDICAL CENTER,NE,14.4
JOHNSON REGIONAL MEDICAL CENTER,AR,14.4
KEARNEY COUNTY HEALTH SERVICES HOSPITAL,NE,14.4
KENMORE MERCY HOSPITAL,NY,14.4
KETTERING HEALTH MAIN CAMPUS,OH,14.4
KIRBY MEDICAL CENTER,IL,14.4
LAKE CHELAN COMMUNITY HOSPITAL,WA,14.4
LAKEVIEW HOSPITAL,UT,14.4
LAKEWOOD RANCH MEDICAL CENTER,FL,14.4
LASALLE GENERAL HOSPITAL,LA,14.4
LDS HOSPITAL,UT,14.4
LEGACY GOOD SAMARITAN MEDICAL CENTER,OR,14.4
LEONARD J CHABERT MEDICAL CENTER,LA,14.4
LEWISGALE HOSPITAL PULASKI,VA,14.4
LIBERTY DAYTON REGIONAL MEDICAL CENTER,TX,14.4
LINCOLN COUNTY HOSPITAL,KS,14.4
LUBBOCK HEART HOSPITAL LP,TX,14.4
MACKINAC STRAITS HOSPITAL AND HEALTH CENTER,MI,14.4
MAD RIVER COMMUNITY HOSPITAL,CA,14.4
MADISON MEMORIAL HOSPITAL,ID,14.4
MAMMOTH HOSPITAL,CA,14.4
MARSHFIELD MEDICAL CENTER - NEILLSVILLE,WI,14.4
MASSACHUSETTS EYE AND EAR INFIRMARY -,MA,14.4
MAUI MEMORIAL MEDICAL CENTER,HI,14.4
MAYO CLINIC HEALTH SYSTEM - WASECA,MN,14.4
MAYO CLINIC HEALTH SYSTEM IN RED WING,MN,14.4
MAYO CLINIC HEALTH SYSTEM OAKRIDGE,WI,14.4
MAYO CLINIC HEALTH SYSTEM-NEW PRAGUE,MN,14.4
MCDOWELL ARH HOSPITAL,KY,14.4
MCLAREN MACOMB,MI,14.4
MEADVILLE MEDICAL CENTER,PA,14.4
MERCY HOSPITAL ADA,OK,14.4
MERCY MEDICAL CTR,MA,14.4
MERIT HEALTH MADISON,MS,14.4
MERIT HEALTH NATCHEZ,MS,14.4
METHODIST FREMONT HEALTH,NE,14.4
MIAMI COUNTY MEDICAL CENTER,KS,14.4
MILLER COUNTY HOSPITAL,GA,14.4
MINERAL COMMUNITY HOSPITAL,MT,14.4
MONADNOCK COMMUNITY HOSPITAL,NH,14.4
MONROE REGIONAL HOSPITAL,MS,14.4
MONUMENT HEALTH LEAD-DEADWOOD HOSPITAL,SD,14.4
MONUMENT HEALTH SPEARFISH HOSPITAL,SD,14.4
MOUNT SINAI HOSPITAL,NY,14.4
MOUNT ST. MARY'S HOSPITAL & HEALTH CENTER,NY,14.4
MOUNTAIN LAKES MEDICAL CENTER,GA,14.4
MOUNTAIN WEST MEDICAL CENTER,UT,14.4
MYMICHIGAN MEDICAL CENTER GLADWIN,MI,14.4
NORTH SUNFLOWER MEDICAL CENTER CAH,MS,14.4
NORTHEASTERN NEVADA REGIONAL HOSPITAL,NV,14.4
NORTHERN LIGHT SEBASTICOOK VALLEY HOSPITAL,ME,14.4
NORTHERN NEVADA MEDICAL CENTER,NV,14.4
NORTHWEST MEDICAL CENTER-SPRINGDALE,AR,14.4
NORTHWOOD DEACONESS HEALTH CENTER,ND,14.4
NOVANT HEALTH FORSYTH MEDICAL CENTER,NC,14.4
NOVANT HEALTH HUNTERSVILLE MEDICAL CENTER,NC,14.4
NOVANT HEALTH ROWAN MEDICAL CENTER,NC,14.4
OCONOMOWOC MEMORIAL HOSPITAL,WI,14.4
OGALLALA COMMUNITY HOSPITAL,NE,14.4
OHIO COUNTY HOSPITAL,KY,14.4
OKLAHOMA CENTER FOR ORTHOPAEDIC & MULTI-SP,OK,14.4
OLIVIA HOSPITAL & CLINIC,MN,14.4
PARKRIDGE MEDICAL CENTER,TN,14.4
"PAWHUSKA HOSPITAL, INC",OK,14.4
PERKINS COUNTY HEALTH SERVICES,NE,14.4
"PIEDMONT NEWNAN HOSPITAL, INC",GA,14.4
PINE RIDGE IHS HOSPITAL,SD,14.4
"PLEASANT VALLEY HOSPITAL, INC",WV,14.4
POWELL VALLEY HOSPITAL,WY,14.4
PRISMA HEALTH GREENVILLE MEMORIAL HOSPITAL,SC,14.4
PRISMA HEALTH LAURENS COUNTY HOSPITAL,SC,14.4
PROVIDENCE HOLY CROSS MEDICAL CENTER,CA,14.4
PROVIDENCE HOSPITAL,AL,14.4
RAY COUNTY MEMORIAL HOSPITAL,MO,14.4
RENOWN SOUTH MEADOWS MEDICAL CENTER,NV,14.4
REX HOSPITAL,NC,14.4
RICHLAND PARISH HOSPITAL-DELHI,LA,14.4
RIPON MEDICAL CENTER,WI,14.4
ROBERT WOOD JOHNSON UNIVERSITY HOSPITAL AT RAHWAY,NJ,14.4
ROCHELLE COMMUNITY HOSPITAL,IL,14.4
"ROCK REGIONAL HOSPITAL, LLC",KS,14.4
ROGER MILLS MEMORIAL HOSPITAL,OK,14.4
ROSEBUD HEALTH CARE CENTER,MT,14.4
ROXBOROUGH MEMORIAL HOSPITAL,PA,14.4
RUBY VALLEY MEDICAL CENTER,MT,14.4
SAINT JOSEPH EAST,KY,14.4
SAINT JOSEPH MOUNT STERLING,KY,14.4
SAINT MARY'S STANDISH COMMUNITY HOSPITAL,MI,14.4
SAKAKAWEA MEDICAL CENTER - CAH,ND,14.4
SALINA SURGICAL HOSPITAL,KS,14.4
SAMARITAN MEDICAL CENTER,NY,14.4
SANFORD MAYVILLE,ND,14.4
SANFORD SHELDON MEDICAL CENTER,IA,14.4
SAUNDERS MEDICAL CENTER,NE,14.4
SELBY GENERAL HOSPITAL,OH,14.4
SIDNEY HEALTH CENTER,MT,14.4
SIERRA VISTA HOSPITAL,NM,14.4
SILOAM SPRINGS REGIONAL HOSPITAL,AR,14.4
SIOUX FALLS SPECIALTY HOSPITAL,SD,14.4
SLEEPY EYE MEDICAL CENTER,MN,14.4
SMYTH COUNTY COMMUNITY HOSPITAL,VA,14.4
SOCORRO GENERAL HOSPITAL,NM,14.4
SONOMA VALLEY HOSPITAL,CA,14.4
SOUTH BALDWIN REGIONAL MEDICAL CENTER,AL,14.4
SOUTH BIG HORN COUNTY HOSPITAL,WY,14.4
SOUTHEAST ALASKA REGIONAL HEALTH CONSORTIUM,AK,14.4
SOUTHWEST HEALTH CENTER,WI,14.4
SOUTHWEST MEDICAL CENTER,KS,14.4
SPARROW IONIA HOSPITAL,MI,14.4
SPECTRUM HEALTH BIG RAPIDS HOSPITAL,MI,14.4
SPECTRUM HEALTH PENNOCK,MI,14.4
SPECTRUM HEALTH ZEELAND COMMUNITY HOSPITAL,MI,14.4
ST ALEXIUS HOSPITAL,MO,14.4
ST ANTHONY SUMMIT MEDICAL CENTER,CO,14.4
ST ANTHONYS MEMORIAL HOSPITAL,IL,14.4
ST ELIZABETH DEARBORN HOSPITAL,IN,14.4
ST GABRIELS HOSPITAL,MN,14.4
ST JOSEPH MEMORIAL HOSPITAL,IL,14.4
ST LOUIS-JOHN COCHRAN VA MEDICAL CENTER,MO,14.4
ST LUKE'S JEROME,ID,14.4
ST MARY MEDICAL CENTER INC,IN,14.4
ST MARY'S GENERAL HOSPITAL,NJ,14.4
ST MARYS HOSPITAL,IL,14.4
ST VINCENT'S CHILTON,AL,14.4
STAMFORD HOSPITAL,CT,14.4
STILLWATER BILLINGS CLINIC,MT,14.4
STILLWATER MEDICAL CENTER,OK,14.4
STORY COUNTY HOSPITAL,IA,14.4
SUBURBAN COMMUNITY HOSPITAL,PA,14.4
SULLIVAN COUNTY MEMORIAL HOSPITAL,MO,14.4
SUMNER REGIONAL MEDICAL CENTER,TN,14.4
SWEENY COMMUNITY HOSPITAL,TX,14.4
SWISHER MEMORIAL HOSPITAL,TX,14.4
T J SAMSON COMMUNITY HOSPITAL,KY,14.4
TENNOVA HEALTH CARE-CLEVELAND,TN,14.4
TEXAS HEALTH CENTER FOR DIAGNOSTICS & SURGERY,TX,14.4
TEXAS HEALTH PRESBYTERIAN HOSPITAL FLOWER MOUND,TX,14.4
TEXAS INSTITUTE FOR SURGERY AT PRESBYTERIAN HOSPIT,TX,14.4
THE EAST ALABAMA HEALTHCARE AUTHORITY,AL,14.4
THE HOSPITALS OF PROVIDENCE - MEMORIAL CAMPUS,TX,14.4
THE MEDICAL CENTER OF SOUTHEAST TEXAS,TX,14.4
THE MIRIAM HOSPITAL,RI,14.4
THE PHYSICIANS' HOSPITAL IN ANADARKO,OK,14.4
THEDACARE MEDICAL CENTER - WILD ROSE,WI,14.4
THOMAS H BOYD MEMORIAL HOSPITAL,IL,14.4
THREE RIVERS HOSPITAL,WA,14.4
TIMPANOGOS REGIONAL HOSPITAL,UT,14.4
TIPPAH COUNTY HOSPITAL,MS,14.4
TORRANCE MEMORIAL MEDICAL CENTER,CA,14.4
U S M D HOSPITAL AT ARLINGTON L P,TX,14.4
UCF LAKE NONA HOSPITAL,FL,14.4
UCHEALTH YAMPA VALLEY MEDICAL CENTER,CO,14.4
UNC LENOIR HEALTH CARE,NC,14.4
UNITYPOINT HEALTH - MARSHALLTOWN,IA,14.4
UNIVERSITY MEDICAL CENTER NEW ORLEANS,LA,14.4
UPMC COLE,PA,14.4
UPMC HANOVER,PA,14.4
UPMC SOMERSET,PA,14.4
UT HEALTH EAST TEXAS JACKSONVILLE HOSPITAL,TX,14.4
UT HEALTH EAST TEXAS PITTSBURG HOSPITAL,TX,14.4
VA ILLIANA HEALTHCARE SYSTEM - DANVILLE,IL,14.4
VA NORTHERN ARIZONA HEALTHCARE SYSTEM,AZ,14.4
VANDERBILT WILSON COUNTY HOSPITAL,TN,14.4
"VILLAGES REGIONAL HOSPITAL, THE",FL,14.4
WELCH COMMUNITY HOSPITAL,WV,14.4
WELLSTAR SPALDING MEDICAL CENTER,GA,14.4
WENTWORTH-DOUGLASS HOSPITAL,NH,14.4
"WESTFIELD MEMORIAL HOSPITAL, INC",NY,14.4
WHITERIVER PHS INDIAN HOSPITAL,AZ,14.4
WICHITA COUNTY HEALTH CENTER,KS,14.4
WICHITA VA MEDICAL CENTER,KS,14.4
WILKES REGIONAL MEDICAL CENTER,NC,14.4
WILLAPA HARBOR HOSPITAL,WA,14.4
WILLIAM NEWTON HOSPITAL,KS,14.4
"WILLIS KNIGHTON MEDICAL CENTER, INC",LA,14.4
WYANDOT MEMORIAL HOSPITAL,OH,14.4
YOAKUM COUNTY HOSPITAL,TX,14.4
JOHNSON MEMORIAL HOSPITAL,CT,14.4333333333333
MERCY MEDICAL CENTER,CA,14.475
A R GOULD HOSPITAL,ME,14.5
"AD HOSPITAL EAST, LLC",TX,14.5
ADVENTHEALTH NEW SMYRNA BEACH,FL,14.5
ADVENTHEALTH WESLEY CHAPEL,FL,14.5
ALASKA REGIONAL HOSPITAL,AK,14.5
ALLEN COUNTY REGIONAL HOSPITAL,KS,14.5
ALTRU HOSPITAL,ND,14.5
ALTUS LUMBERTON HOSPITAL,TX,14.5
APPLING HEALTHCARE,GA,14.5
ASCENSION SETON HIGHLAND LAKES,TX,14.5
ASCENSION SETON NORTHWEST,TX,14.5
ASCENSION ST VINCENT JENNINGS,IN,14.5
ASPIRUS ONTONAGON HOSPITAL INC,MI,14.5
AVOYELLES HOSPITAL,LA,14.5
BAKERSFIELD MEMORIAL HOSPITAL,CA,14.5
BAPTIST HEALTH MEDICAL CENTER-HOT SPRINGS COUNTY,AR,14.5
BAYLOR SCOTT & WHITE MEDICAL CENTER -TAYLOR,TX,14.5
BAYLOR SCOTT AND WHITE EMERGENCY HOSPITAL,TX,14.5
BAYLOR SCOTT AND WHITE MEDICAL CENTER LAKE POINTE,TX,14.5
BEAUFORT COUNTY MEMORIAL HOSPITAL,SC,14.5
BEAUMONT HOSPITAL - FARMINGTON HILLS,MI,14.5
BLACK RIVER MEMORIAL HOSPITAL,WI,14.5
BOB WILSON MEMORIAL GRANT COUNTY HOSPITAL,KS,14.5
BON SECOURS-ST FRANCIS XAVIER HOSPITAL,SC,14.5
BONNER GENERAL HOSPITAL,ID,14.5
"BRAXTON COUNTY MEMORIAL HOSPITAL, INC",WV,14.5
BRISTOL BAY AREA HEALTH CORPORATION,AK,14.5
BUTLER COUNTY HEALTH CARE CENTER,NE,14.5
BYRD REGIONAL HOSPITAL,LA,14.5
CALHOUN-LIBERTY HOSPITAL,FL,14.5
CARNEGIE TRI-COUNTY MUNICIPAL HOSPITAL,OK,14.5
"CENTRA SOUTHSIDE COMMUNITY HOSPITAL, INC",VA,14.5
CENTRACARE HEALTH - MONTICELLO,MN,14.5
CENTRAL FLORIDA LAKE MONROE HOSPITAL,FL,14.5
CENTURA HEALTH-PORTER ADVENTIST HOSPITAL,CO,14.5
CHAMPLAIN VALLEY PHYSICIANS HOSPITAL MEDICAL CTR,NY,14.5
CHI HEALTH IMMANUEL,NE,14.5
CHI ST LUKES LAKESIDE HOSPITAL,TX,14.5
CHICKASAW NATION MEDICAL CENTER,OK,14.5
CITIZENS MEMORIAL HOSPITAL,MO,14.5
CLEVELAND CLINIC AVON HOSPITAL,OH,14.5
COLLEGE MEDICAL CENTER,CA,14.5
COMMUNITY HOSPITAL OF BREMEN INC,IN,14.5
"COMMUNITY HOSPITAL SOUTH, INC.",IN,14.5
COMPASS MEMORIAL HEALTHCARE,IA,14.5
CONFLUENCE HEALTH- WENATCHEE VALLEY HOSP & CLINICS,WA,14.5
CONTRA COSTA REGIONAL MEDICAL CENTER,CA,14.5
COON MEMORIAL HOSPITAL,TX,14.5
COPLEY HOSPITAL,VT,14.5
COPPER QUEEN COMMUNITY HOSPITAL,AZ,14.5
CORDELL MEMORIAL HOSPITAL,OK,14.5
CORONA REGIONAL MEDICAL CENTER,CA,14.5
COVENANT HOSPITAL LEVELLAND,TX,14.5
CUMBERLAND COUNTY HOSPITAL,KY,14.5
DAVIS COUNTY HOSPITAL,IA,14.5
DAVIS HOSPITAL AND MEDICAL CENTER,UT,14.5
"DELAWARE VALLEY HOSPITAL, INC",NY,14.5
DESOTO MEMORIAL HOSPITAL,FL,14.5
DICKINSON COUNTY MEMORIAL HOSPITAL,MI,14.5
DOCTORS MEMORIAL HOSPITAL,FL,14.5
DRUMRIGHT REGIONAL HOSPITAL,OK,14.5
DUKE HEALTH RALEIGH HOSPITAL,NC,14.5
DUNDY COUNTY HOSPITAL,NE,14.5
EAMC-LANIER,AL,14.5
EDGERTON HOSPITAL AND HEALTH SERVICES,WI,14.5
ELKVIEW GENERAL HOSPTIAL,OK,14.5
ESKENAZI HEALTH,IN,14.5
ESTES PARK MEDICAL CENTER,CO,14.5
EXCELA HEALTH WESTMORELAND REGIONAL HOSPITAL,PA,14.5
FAXTON-ST LUKE'S HEALTHCARE,NY,14.5
FORT DUNCAN MEDICAL CENTER,TX,14.5
FRANKLIN HOSPITAL,IL,14.5
FROEDTERT MEMORIAL LUTHERAN HOSPITAL,WI,14.5
GOLETA VALLEY COTTAGE HOSPITAL,CA,14.5
GRAHAM HOSPITAL ASSOCIATION,IL,14.5
GREENBRIER VALLEY MEDICAL CENTER,WV,14.5
GREENWOOD COUNTY HOSPITAL,KS,14.5
HALIFAX HEALTH /UF HEALTH MEDICAL CENTER OF DELTON,FL,14.5
HAMPTON REGIONAL MEDICAL CENTER,SC,14.5
HARDIN MEDICAL CENTER,TN,14.5
HARRISON COUNTY HOSPITAL,IN,14.5
HARRISON MEMORIAL HOSPITAL,KY,14.5
HASKELL MEMORIAL HOSPITAL,TX,14.5
HENRY COUNTY MEDICAL CENTER,TN,14.5
HENRY FORD MACOMB HOSPITAL,MI,14.5
HERINGTON HOSPITAL,KS,14.5
HI-DESERT MEDICAL CENTER,CA,14.5
HIGHLAND HOSPITAL,CA,14.5
HIGHLANDS CASHIERS HOSPITAL,NC,14.5
HIMA-SAN PABLO FAJARDO,PR,14.5
HOSPITAL METROPOLITANO DR PILA,PR,14.5
HOSPITAL SAN FRANCISCO,PR,14.5
HOSPITAL UNIVERSITARIO DE ADULTO,PR,14.5
HOSPITAL UNIVERSITARIO DR RUIZ ARNAU,PR,14.5
HOT SPRINGS COUNTY MEMORIAL HOSPITAL,WY,14.5
HSHS ST CLARE MEMORIAL HOSPITAL,WI,14.5
INTEGRIS COMMUNITY HOSPITAL - COUNCIL CROSSING,OK,14.5
IRON COUNTY MEDICAL CENTER,MO,14.5
JEWISH HOSPITAL - SHELBYVILLE,KY,14.5
KAISER FOUNDATION HOSPITAL - REDWOOD CITY,CA,14.5
KAISER FOUNDATION HOSPITAL - SACRAMENTO,CA,14.5
KAISER FOUNDATION HOSPITAL-MORENO VALLEY,CA,14.5
KEARNY COUNTY HOSPITAL,KS,14.5
KITTITAS VALLEY COMMUNITY HOSPITAL,WA,14.5
KLICKITAT VALLEY HOSPITAL,WA,14.5
LAFOLLETTE MEDICAL CENTER,TN,14.5
LAKESIDE MEDICAL CENTER,FL,14.5
LAWRENCE MEMORIAL HOSPITAL,AR,14.5
LEGACY MERIDIAN PARK MEDICAL CENTER,OR,14.5
LEWISGALE MEDICAL CENTER,VA,14.5
LINDSBORG COMMUNITY HOSPITAL,KS,14.5
LOGAN HEALTH - WHITEFISH,MT,14.5
LOMA LINDA UNIVERSITY MEDICAL CENTER,CA,14.5
LOS ALAMITOS MEDICAL CENTER,CA,14.5
LYNN COUNTY HOSPITAL DISTRICT,TX,14.5
M HEALTH FAIRVIEW UNIVERSITY OF MN,MN,14.5
MARIAS MEDICAL CENTER,MT,14.5
MARLETTE REGIONAL HOSPITAL,MI,14.5
MARSHALL COUNTY HEALTHCARE CENTER - CAH,SD,14.5
MARSHFIELD MEDICAL CENTER - BEAVER DAM (MMC-BD),WI,14.5
MARTIN GENERAL HOSPITAL,NC,14.5
MASON DISTRICT HOSPITAL,IL,14.5
MATAGORDA REGIONAL MEDICAL CENTER,TX,14.5
MCKENZIE COUNTY HEALTHCARE SYSTEMS INC,ND,14.5
MEDICINE LODGE MEMORIAL HOSPITAL,KS,14.5
MEDINA HOSPITAL,OH,14.5
MEDSTAR GOOD SAMARITAN HOSPITAL,MD,14.5
MEDSTAR WASHINGTON HOSPITAL CENTER,DC,14.5
MEEKER MEMORIAL HOSPITAL,MN,14.5
MELBOURNE REGIONAL MEDICAL CENTER,FL,14.5
MEMORIAL HOSPITAL OF CARBON COUNTY,WY,14.5
MENIFEE GLOBAL MEDICAL CENTER,CA,14.5
MERCY HEALTH - WEST HOSPITAL,OH,14.5
MERCY HOSPITAL SPRINGFIELD,MO,14.5
MERCY MEDICAL CENTER - CEDAR RAPIDS,IA,14.5
MERCY MEDICAL CENTER-NEW HAMPTON,IA,14.5
MERCY SAN JUAN MEDICAL CENTER,CA,14.5
MERCYONE NORTH IOWA MEDICAL CENTER,IA,14.5
MERIT HEALTH CENTRAL,MS,14.5
METHODIST MCKINNEY HOSPITAL,TX,14.5
METHODIST MEDICAL CENTER OF OAK RIDGE,TN,14.5
METHODIST SOUTHLAKE MEDICAL CENTER,TX,14.5
MINNIE HAMILTON HEALTH SYSTEM,WV,14.5
MITCHELL COUNTY REGIONAL HEALTH,IA,14.5
MOAB REGIONAL HOSPITAL,UT,14.5
MONROE SURGICAL HOSPITAL,LA,14.5
MOSAIC MEDICAL CENTER ALBANY,MO,14.5
MOUNT AUBURN HOSPITAL,MA,14.5
"MOUNTAIN VISTA MEDICAL CENTER, LP",AZ,14.5
NESS COUNTY HOSPITAL DISTRICT #2,KS,14.5
NEW LONDON HOSPITAL,NH,14.5
NEWMAN MEMORIAL HOSPITAL,OK,14.5
NORTH CANYON MEDICAL CENTER,ID,14.5
NORTH SHORE HEALTH,MN,14.5
"NORTHERN COCHISE COMMUNITY HOSPITAL, INC.",AZ,14.5
NORTHWESTERN MEDICINE MCHENRY,IL,14.5
NORTON COUNTY HOSPITAL,KS,14.5
OCEAN BEACH HOSPITAL,WA,14.5
OCHSNER MEDICAL CENTER-KENNER,LA,14.5
OCHSNER ST ANNE GENERAL HOSPITAL,LA,14.5
OCHSNER STENNIS MEMORIAL HOSPITAL,MS,14.5
OKEENE MUNICIPAL HOSPITAL,OK,14.5
"OKLAHOMA HEART HOSPITAL, LLC",OK,14.5
PARK CITY HOSPITAL,UT,14.5
PARKLAND MEDICAL CENTER,NH,14.5
PEACEHEALTH PEACE ISLAND MEDICAL CENTER,WA,14.5
PEMBINA COUNTY MEMORIAL HOSPITAL,ND,14.5
PENDER MEMORIAL HOSPITAL,NC,14.5
PENN HIGHLANDS TYRONE,PA,14.5
PENOBSCOT BAY MEDICAL CENTER,ME,14.5
PERHAM HEALTH,MN,14.5
PIEDMONT EASTSIDE MEDICAL CENTER,GA,14.5
PIKE COUNTY MEMORIAL HOSPITAL,MO,14.5
PINNACLE HOSPITAL,IN,14.5
PLATTE HEALTH CENTER,SD,14.5
PLATTE VALLEY MEDICAL CENTER,CO,14.5
"PORTER HOSPITAL, INC",VT,14.5
PROMEDICA DEFIANCE REGIONAL HOSPITAL,OH,14.5
PROVIDENCE ST JOSEPH MEDICAL CENTER,MT,14.5
PULASKI MEMORIAL HOSPITAL,IN,14.5
RAWLINS COUNTY HEALTH CENTER,KS,14.5
RED BUD REGIONAL HOSPITAL,IL,14.5
REGIONAL ONE HEALTH,TN,14.5
RIVER HOSPITAL CLINICS,NY,14.5
RIVER'S EDGE HOSPITAL & CLINIC,MN,14.5
ROANE GENERAL HOSPITAL,WV,14.5
ROBERT PACKER HOSPITAL,PA,14.5
SAINT ROSE DOMINICAN HOSPITALS - SIENA CAMPUS,NV,14.5
SAINT THOMAS HOSPITAL FOR SPINAL SURGERY,TN,14.5
SAMARITAN NORTH LINCOLN HOSPITAL,OR,14.5
SAN GORGONIO MEMORIAL HOSPITAL,CA,14.5
SANFORD HILLSBORO,ND,14.5
SCHOOLCRAFT MEMORIAL HOSPITAL,MI,14.5
SEILING MUNICIPAL HOSPITAL,OK,14.5
SHANDS JACKSONVILLE,FL,14.5
SHELBY BAPTIST MEDICAL CENTER,AL,14.5
SHERIDAN COUNTY HOSPITAL,KS,14.5
SIDNEY REGIONAL MEDICAL CENTER,NE,14.5
SIERRA VIEW MEDICAL CENTER,CA,14.5
SINGING RIVER HEALTH SYSTEM,MS,14.5
SOUTHERN NH MEDICAL CENTER,NH,14.5
SOVAH HEALTH DANVILLE,VA,14.5
SSM HEALTH DEPAUL HOSPITAL ST LOUIS,MO,14.5
ST ANTHONY COMMUNITY HOSPITAL,NY,14.5
ST CLAIR HOSPITAL,PA,14.5
ST ELIZABETH HOSPITAL,WA,14.5
ST FRANCIS HOSPITAL - THE HEART CENTER,NY,14.5
ST LUKE'S MCCALL,ID,14.5
ST LUKE'S WOOD RIVER MEDICAL CENTER,ID,14.5
ST MARYS HOSPITAL SUPERIOR,WI,14.5
ST TAMMANY PARISH HOSPITAL,LA,14.5
ST. ALPHONSUS MEDICAL CENTER - BAKER CITY,OR,14.5
SUGAR LAND SURGICAL HOSPITAL LLP,TX,14.5
SUMMIT MEDICAL CENTER,WY,14.5
SURGICAL HOSPITAL OF OKLAHOMA,OK,14.5
SUTTER MATERNITY & SURGERY CENTER OF SANTA CRUZ,CA,14.5
TACOMA GENERAL ALLENMORE HOSPITAL,WA,14.5
TENET HEALTH CENTRAL COAST SIERRA VISTA RMC,CA,14.5
TEXAS HEALTH HARRIS METHODIST HOSPITAL STEPHENVILL,TX,14.5
TEXAS HEALTH PRESBYTERIAN HOSPITAL ROCKWALL,TX,14.5
THAYER COUNTY HEALTH SERVICES,NE,14.5
TREASURE VALLEY HOSPITAL,ID,14.5
TRIGG COUNTY HOSPITAL,KY,14.5
TRINITY HEALTH GRAND HAVEN HOSPITAL,MI,14.5
TRINITY MUSCATINE,IA,14.5
TRINITY ROCK ISLAND,IL,14.5
TRIOS HEALTH,WA,14.5
TRUMAN MEDICAL CENTER HOSPITAL HILL,MO,14.5
UNION COUNTY GENERAL HOSPITAL,NM,14.5
UNITED HOSPITAL DISTRICT,MN,14.5
UNIVERSITY OF WI  HOSPITALS & CLINICS AUTHORITY,WI,14.5
UPMC MEMORIAL,PA,14.5
UPMC ST MARGARET,PA,14.5
USC VERDUGO HILLS HOSPITAL,CA,14.5
VA MARYLAND HEALTHCARE SYSTEM - BALTIMORE,MD,14.5
VALLEY COMMUNITY HOSPITAL,OK,14.5
VALLEY MEDICAL CENTER,WA,14.5
VANDERBILT TULLAHOMA-HARTON HOSPITAL,TN,14.5
W J MANGOLD MEMORIAL HOSPITAL,TX,14.5
WABASH GENERAL HOSPITAL 1,IL,14.5
WAMEGO HEALTH CENTER,KS,14.5
WAYNE GENERAL HOSPITAL,MS,14.5
WAYNE HOSPITAL,OH,14.5
"WEATHERFORD REGIONAL HOSPITAL, INC OF WEATHERFORD",OK,14.5
WEISER MEMORIAL HOSPITAL,ID,14.5
WELLSTAR COBB MEDICAL CENTER,GA,14.5
WEST TENNESSEE HEALTHCARE CAMDEN HOSPITAL,TN,14.5
WHITFIELD MEDICAL SURGICAL HOSPITAL,MS,14.5
WHITFIELD REGIONAL HOSPITAL,AL,14.5
WILLIAM BEE RIRIE HOSPITAL,NV,14.5
WILLS EYE HOSPITAL,PA,14.5
WINDHAM COMMUNITY MEMORIAL HOSPITAL,CT,14.5
WIREGRASS MEDICAL CENTER,AL,14.5
WOMANS HOSPITAL,LA,14.5
YORK HOSPITAL,ME,14.5
FAIRVIEW HOSPITAL,MA,14.55
KAISER FOUNDATION HOSPITAL,CA,14.55
WASHINGTON COUNTY HOSPITAL,AL,14.55
MARION GENERAL HOSPITAL,IN,14.5666666666667
WAYNE MEMORIAL HOSPITAL,GA,14.5666666666667
COMMUNITY HOSPITAL,CO,14.575
ABBEVILLE AREA MEDICAL CENTER,SC,14.6
ADVENTHEALTH HEART OF FLORIDA,FL,14.6
ADVENTHEALTH TAMPA,FL,14.6
ADVENTIST HEALTH SONORA,CA,14.6
ADVENTIST HEALTH TULARE,CA,14.6
ADVOCATE CHRIST HOSPITAL & MEDICAL CENTER,IL,14.6
"AHN EMERUS WESTMORELAND, LLC",PA,14.6
ALLENDALE COUNTY HOSPITAL,SC,14.6
ANMED HEALTH,SC,14.6
ASCENSION CALUMET HOSPITAL,WI,14.6
ASCENSION GENESYS HOSPITAL,MI,14.6
ASHLEY MEDICAL CENTER,ND,14.6
ATRIUM HEALTH NAVICENT PEACH,GA,14.6
BAY AREA MEDICAL CENTER,WI,14.6
BAYLOR SCOTT & WHITE MEDICAL CENTER HILLCREST,TX,14.6
BAYLOR SCOTT & WHITE MEDICAL CENTER-WHITE ROCK,TX,14.6
BAYLOR SCOTT AND WHITE MEDICAL CENTER UPTOWN,TX,14.6
BIG HORN CO MEMORIAL HOSPITAL,MT,14.6
BILLINGS CLINIC,MT,14.6
BLUE MOUNTAIN HOSPITAL,OR,14.6
BOURBON COMMUNITY HOSPITAL,KY,14.6
BOX BUTTE GENERAL HOSPITAL,NE,14.6
"CAMC PLATEAU MEDICAL CENTER, INC",WV,14.6
CANDLER COUNTY HOSPITAL,GA,14.6
CARILION TAZEWELL COMMUNITY HOSPITAL,VA,14.6
CAROLINAS MEDICAL CENTER-NORTHEAST,NC,14.6
CASS REGIONAL MEDICAL CENTER,MO,14.6
CAVALIER COUNTY MEMORIAL HOSPITAL ASSOCIATION,ND,14.6
CEDAR PARK REGIONAL MEDICAL CENTER,TX,14.6
CHESHIRE MEDICAL CENTER,NH,14.6
CHEYENNE COUNTY HOSPITAL,KS,14.6
CHEYENNE VA MEDICAL CENTER,WY,14.6
CHI HEALTH ST. FRANCIS,NE,14.6
CHINO VALLEY MEDICAL CENTER,CA,14.6
CHOCTAW REGIONAL MEDICAL CENTER,MS,14.6
CHRISTUS GOOD SHEPHERD MEDICAL CENTER,TX,14.6
CLEVELAND CLINIC,OH,14.6
CLOUD COUNTY HEALTH CENTER,KS,14.6
"COAL COUNTY GENERAL HOSPITAL, INC.",OK,14.6
COASTAL COMMUNITIES HOSPITAL,CA,14.6
COGDELL MEMORIAL HOSPITAL,TX,14.6
"COMMUNITY MEMORIAL HOSPITAL, INC",NY,14.6
CONEMAUGH NASON MEDICAL CENTER,PA,14.6
CONWAY MEDICAL CENTER,SC,14.6
DALLAS COUNTY MEDICAL CENTER,AR,14.6
DETROIT RECEIVING HOSPITAL,MI,14.6
DIGNITY HEALTH - ARIZONA GENERAL HOSPITAL,AZ,14.6
DOCTOR'S CENTER DE SAN JUAN,PR,14.6
DOCTORS HOSPITAL,FL,14.6
DOCTORS HOSPITAL OF LAREDO,TX,14.6
EASTLAND MEMORIAL HOSPITAL,TX,14.6
ELLETT MEMORIAL HOSPITAL,MO,14.6
ELMORE COMMUNITY HOSPITAL,AL,14.6
ENNIS REGIONAL MEDICAL CENTER,TX,14.6
ERLANGER MURPHY MEDICAL CENTER,NC,14.6
ESSENTIA HEALTH FOSSTON,MN,14.6
ESSENTIA HEALTH ST JOSEPH'S MEDICAL CENTER,MN,14.6
EUREKA SPRINGS HOSPITAL COMMISSION,AR,14.6
EVERGREEN MEDICAL CENTER,AL,14.6
FAIRFAX COMMUNITY HOSPITAL,OK,14.6
FAITH COMMUNITY HOSPITAL,TX,14.6
FILLMORE COUNTY HOSPITAL,NE,14.6
FINGER LAKE HEALTH-GENEVA GENERAL HOSPITAL,NY,14.6
FLORIDA HOSPITAL CARROLLWOOD,FL,14.6
FLOYD VALLEY HEALTHCARE,IA,14.6
FOUNTAIN VALLEY REGIONAL HOSPITAL & MEDICAL CENTER,CA,14.6
FRANKFORT REGIONAL MEDICAL CENTER,KY,14.6
FREDONIA REGIONAL HOSPITAL,KS,14.6
FREEMAN MEDICAL CENTER - CAH,SD,14.6
GEORGE REGIONAL HEALTH SYSTEM,MS,14.6
GEORGE WASHINGTON UNIV HOSPITAL,DC,14.6
GLENBEIGH HEALTH SOURCES,OH,14.6
GLENCOE REGIONAL HEALTH SERVICES,MN,14.6
GLENS FALLS HOSPITAL,NY,14.6
GOLDEN PLAINS COMMUNITY HOSPITAL,TX,14.6
GOVE COUNTY MEDICAL CENTER,KS,14.6
GRANT MEMORIAL HOSPITAL,WV,14.6
GREAT PLAINS REGIONAL MEDICAL CENTER,OK,14.6
GREATER REGIONAL MEDICAL CENTER,IA,14.6
GUADALUPE COUNTY HOSPITAL,NM,14.6
HANNIBAL REGIONAL HOSPITAL,MO,14.6
HARLAN COUNTY HEALTH SYSTEM,NE,14.6
HAZARD ARH REGIONAL MEDICAL CENTER,KY,14.6
HCA FLORIDA SARASOTA DOCTORS HOSPITAL,FL,14.6
HEARTLAND REGIONAL MEDICAL CENTER,IL,14.6
HENDERSON COUNTY COMMUNITY HOSPITAL,TN,14.6
HOPI HEALTH CARE CENTER,AZ,14.6
HOSPITAL DISTRICT #6 PATTERSON HEALTH CENTER,KS,14.6
HOSPITAL SAN CARLOS BORROMEO,PR,14.6
HOUSTON METHODIST THE WOODLANDS HOSPITAL,TX,14.6
HUNTERDON MEDICAL CENTER,NJ,14.6
"IDAHO FALLS COMMUNITY HOSPITAL, LLC",ID,14.6
INOVA MOUNT VERNON HOSPITAL,VA,14.6
INTEGRIS CANADIAN VALLEY HOSPITAL,OK,14.6
INTEGRIS HEALTH EDMOND HOSPITAL,OK,14.6
JACKSON COUNTY MEMORIAL HOSPITAL AUTHORITY,OK,14.6
JAY HOSPITAL,FL,14.6
JEFFERSON COMMUNITY HEALTH & LIFE,NE,14.6
KAISER FOUNDATION HOSPITAL - ANTIOCH,CA,14.6
KAISER FOUNDATION HOSPITAL - FREMONT,CA,14.6
KAISER FOUNDATION HOSPITAL - PANORAMA CITY,CA,14.6
KAISER FOUNDATION HOSPITAL - SOUTH BAY,CA,14.6
KAISER FOUNDATION HOSPITAL FONTANA/ONTARIO,CA,14.6
KAISER FOUNDATION HOSPITAL-SANTA CLARA,CA,14.6
KARMANOS CANCER CENTER,MI,14.6
LAFAYETTE REGIONAL HEALTH CENTER,MO,14.6
LAKE HEALTH,OH,14.6
LANE COUNTY HOSPITAL,KS,14.6
LAUDERDALE COMMUNITY HOSPITAL,TN,14.6
LAWRENCE COUNTY MEMORIAL HOSPITAL,IL,14.6
LAWTON INDIAN HOSPITAL,OK,14.6
LEHIGH REGIONAL MEDICAL CENTER,FL,14.6
LISBON AREA HEALTH SERVICES,ND,14.6
"LIVINGSTON HOSPITAL AND HEALTHCARE SERVICES, INC",KY,14.6
LONESOME PINE HOSPITAL,VA,14.6
LUCAS COUNTY HEALTH CENTER,IA,14.6
MADELIA HEALTH,MN,14.6
MADISON COUNTY MEMORIAL HOSPITAL,FL,14.6
MAIN LINE HOSPITAL LANKENAU,PA,14.6
MANNING REGIONAL HEALTHCARE CENTER,IA,14.6
MARTINSBURG VA MEDICAL CENTER,WV,14.6
MAURY REGIONAL HOSPITAL,TN,14.6
MCLAREN CENTRAL MICHIGAN,MI,14.6
MEADE DISTRICT HOSPITAL,KS,14.6
MEMORIAL HEALTH MEADOWS HOSPITAL,GA,14.6
MEMORIAL REGIONAL HOSPITAL,FL,14.6
MERCY GENERAL HOSPITAL,CA,14.6
MERCY HEALTH LAKESHORE CAMPUS,MI,14.6
MERCY HOSPITAL BERRYVILLE,AR,14.6
MERCY HOSPITAL MARIETTA,OK,14.6
MERRICK MEDICAL CENTER/LITZENBERG MEMORIAL COUNTY HOSPITAL,NE,14.6
METHODIST DALLAS MEDICAL CENTER,TX,14.6
MOREHOUSE GENERAL HOSPITAL,LA,14.6
MORRIS COUNTY HOSPITAL,KS,14.6
MORTON PLANT NORTH BAY HOSPITAL,FL,14.6
MOUNT DESERT ISLAND HOSPITAL,ME,14.6
MUSC HEALTH CHESTER MEDICAL CENTER,SC,14.6
NATIONAL PARK MEDICAL CENTER,AR,14.6
NEWARK BETH ISRAEL MEDICAL CENTER,NJ,14.6
NICHOLAS H NOYES MEMORIAL HOSPITAL,NY,14.6
NIOBRARA COUNTY HOSPITAL DISTRICT,WY,14.6
NORTH MISSISSIPPI MEDICAL CENTER-GILMORE AMORY,MS,14.6
NORTHERN INYO HOSPITAL,CA,14.6
NORTHERN LIGHT MAINE COAST HOSPITAL,ME,14.6
NORTHERN NEVADA SIERRA MEDICAL CENTER,NV,14.6
NORTHSIDE HOSPITAL CHEROKEE,GA,14.6
NORTHSIDE HOSPITAL GWINNETT,GA,14.6
NORTHWEST MEDICAL CENTER SAHUARITA,AZ,14.6
NOVANT HEALTH BRUNSWICK MEDICAL CENTER,NC,14.6
OCHSNER LAIRD HOSPITAL,MS,14.6
OHIOHEALTH SHELBY HOSPITAL,OH,14.6
ORTONVILLE AREA HEALTH SERVICES,MN,14.6
OSMOND GENERAL HOSPITAL,NE,14.6
PALESTINE REGIONAL MEDICAL CENTER,TX,14.6
PALM BEACH GARDENS MEDICAL CENTER,FL,14.6
PALO VERDE HOSPITAL,CA,14.6
PANOLA MEDICAL CENTER,MS,14.6
PARKVIEW LAGRANGE HOSPITAL,IN,14.6
PAULDING COUNTY HOSPITAL,OH,14.6
PIEDMONT MACON NORTH HOSPITAL,GA,14.6
PLAINS MEMORIAL HOSPITAL,TX,14.6
PORTSMOUTH REGIONAL HOSPITAL,NH,14.6
PRESENCE SAINT JOSEPH HOSPITAL - ELGIN,IL,14.6
PROVIDENCE LITTLE COMPANY OF MARY MED CTR TORRANCE,CA,14.6
PROVIDENCE ST. JOSEPH HOSPITAL,CA,14.6
PROVIDENT HOSPITAL OF CHICAGO,IL,14.6
RED BAY HOSPITAL,AL,14.6
REGIONAL WEST MEDICAL CENTER,NE,14.6
RHEA MEDICAL CENTER,TN,14.6
RICHMOND VA MEDICAL CENTER,VA,14.6
RIVERSIDE REGIONAL MEDICAL CENTER,VA,14.6
RIVERVIEW MEDICAL CENTER,NJ,14.6
ROCK COUNTY HOSPITAL,NE,14.6
"ROCKCASTLE COUNTY HOSPITAL, INC.",KY,14.6
RUMFORD  HOSPITAL,ME,14.6
RUSH OAK PARK HOSPITAL,IL,14.6
S E LACKEY MEMORIAL HOSPITAL,MS,14.6
SABINE MEDICAL CENTER,LA,14.6
SAINT JOHN HOSPITAL,KS,14.6
"SAINT JOSEPH'S HOSPITAL OF ATLANTA, INC",GA,14.6
SANFORD LUVERNE MEDICAL CENTER,MN,14.6
SANFORD MEDICAL CENTER ABERDEEN,SD,14.6
SARAH D CULBERTSON MEMORIAL HOSPITAL,IL,14.6
SCRIPPS GREEN HOSPITAL,CA,14.6
SENTARA LEIGH HOSPITAL,VA,14.6
SENTARA VIRGINIA BEACH GENERAL HOSPITAL,VA,14.6
SETON SMITHVILLE REGIONAL HOSPITAL,TX,14.6
SHARP MEMORIAL HOSPITAL,CA,14.6
SHERIDAN MEMORIAL HOSPITAL,WY,14.6
SIOUX CENTER HEALTH,IA,14.6
SOUTH CENTRAL HEALTH,ND,14.6
SOUTH TEXAS SURGICAL HOSPITAL,TX,14.6
SPRINGFIELD REGIONAL MEDICAL CENTER,OH,14.6
ST JOHNS REGIONAL MEDICAL CENTER,CA,14.6
"ST JOSEPH HEALTH SYSTEM, LLC",IN,14.6
"ST JOSEPH'S HOSPITAL OF BUCKHANNON, INC",WV,14.6
ST JOSEPH'S UNIVERSITY MEDICAL CENTER INC,NJ,14.6
ST LUKES HOSPITAL,IA,14.6
ST NICHOLAS HOSPITAL,WI,14.6
ST PETER'S HOSPITAL,NY,14.6
ST VINCENT'S MEDICAL CENTER,CT,14.6
STERLING SURGICAL HOSPITAL,LA,14.6
STEVENS COMMUNITY MEDICAL CENTER,MN,14.6
STURGIS HOSPITAL,MI,14.6
SUMMERS COUNTY ARH HOSPITAL,WV,14.6
TEXAS HEALTH HARRIS METHODIST HOSPITAL SOUTHWEST F,TX,14.6
TEXAS HEALTH HEART & VASCULAR HOSPITAL ARLINGTON,TX,14.6
THE MCDOWELL HOSPITAL,NC,14.6
THE MEDICAL CENTER AT ALBANY,KY,14.6
THOMAS HOSPITAL,AL,14.6
THOMASVILLE REGIONAL MEDICAL CENTER,AL,14.6
TRISTAR HENDERSONVILLE MEDICAL CENTER,TN,14.6
TRUMBULL REGIONAL MEDICAL CENTER,OH,14.6
UNITY HEALTH - NEWPORT,AR,14.6
UNIVERSITY OF COLORADO HOSPITAL AUTHORITY,CO,14.6
UNIVERSITY OF IOWA HOSPITAL & CLINICS,IA,14.6
UNIVERSITY OF MD CAPITAL REGION MEDICAL CENTER,MD,14.6
UPMC HAMOT,PA,14.6
UPMC PASSAVANT,PA,14.6
VAIL HEALTH HOSPITAL,CO,14.6
VAL VERDE REGIONAL MEDICAL CENTER,TX,14.6
VANDERBILT UNIVERSITY MEDICAL CENTER,TN,14.6
VAUGHAN REGIONAL MEDICAL CENTER PARKWAY CAMPUS,AL,14.6
VIA CHRISTI HOSPITAL PITTSBURG INC,KS,14.6
VIRTUA WILLINGBORO HOSPITAL,NJ,14.6
VOLUNTEER COMMUNITY HOSPITAL,TN,14.6
WADLEY REGIONAL MEDICAL CENTER,TX,14.6
WARD MEMORIAL HOSPITAL,TX,14.6
WELLSTAR KENNESTONE REGIONAL MEDICAL CENTER,GA,14.6
WEST TENNESSEE HEALTHCARE MILAN HOSPITAL,TN,14.6
WESTERN WISCONSIN HEALTH,WI,14.6
WILLS MEMORIAL HOSPITAL,GA,14.6
WOOD COUNTY HOSPITAL,OH,14.6
WAYNE COUNTY HOSPITAL,IA,14.65
GOOD SAMARITAN HOSPITAL,CA,14.65
SAINT JOSEPH HOSPITAL,CO,14.65
STEPHENS MEMORIAL HOSPITAL,ME,14.65
ST JOSEPH MEDICAL CENTER,IL,14.675
ABBOTT NORTHWESTERN HOSPITAL,MN,14.7
ADVENTIST HEALTH TEHACHAPI VALLEY,CA,14.7
ALVARADO HOSPITAL MEDICAL CENTER,CA,14.7
ASCENSION ST VINCENT'S CLAY COUNTY,FL,14.7
ASHLEY COUNTY MEDICAL CENTER,AR,14.7
ASPEN VALLEY HOSPITAL,CO,14.7
AUDUBON COUNTY MEMORIAL HOSPITAL,IA,14.7
AVERA MISSOURI RIVER HEALTH CENTER,SD,14.7
BAPTIST HEALTH MEDICAL CENTER HEBER SPRINGS,AR,14.7
BAPTIST HOSPITAL,FL,14.7
BAPTIST HOSPITAL OF MIAMI,FL,14.7
BAPTIST MEDICAL CENTER  BEACHES,FL,14.7
BARNES-JEWISH WEST COUNTY HOSPITAL,MO,14.7
BAYLOR SCOTT & WHITE MEDICAL CENTER AT IRVING,TX,14.7
BEAVER COUNTY MEMORIAL HOSPITAL,OK,14.7
BIGFORK VALLEY HOSPITAL,MN,14.7
BROWN COUNTY HOSPITAL,NE,14.7
BROWNFIELD REGIONAL MEDICAL CENTER,TX,14.7
BURNETT MEDICAL CENTER,WI,14.7
CAMBRIDGE HEALTH ALLIANCE,MA,14.7
CANNON MEMORIAL HOSPITAL,SC,14.7
CAPITAL MEDICAL CENTER,WA,14.7
CARLE RICHLAND MEMORIAL HOSPITAL,IL,14.7
CEDARS-SINAI MEDICAL CENTER,CA,14.7
CENTURA ST ELIZABETH HOSPITAL,CO,14.7
CHEROKEE INDIAN HOSPITAL AUTHORITY,NC,14.7
CHILDRESS REGIONAL MEDICAL CENTER,TX,14.7
CHIPPEWA COUNTY WAR MEMORIAL HOSPITAL,MI,14.7
CHOCTAW NATION HEALTH SERVICES AUTHORITY,OK,14.7
CHRISTUS COUSHATTA HEALTH CARE CENTER,LA,14.7
CLARA BARTON HOSPITAL,KS,14.7
COASTAL CAROLINA HOSPITAL,SC,14.7
COLORADO CANYONS HOSPITAL AND MEDICAL CENTER,CO,14.7
CONCORD HOSPITAL- LACONIA,NH,14.7
CONEMAUGH MEMORIAL MEDICAL CENTER,PA,14.7
CONNALLY MEMORIAL MEDICAL CENTER,TX,14.7
COOK HOSPITAL,MN,14.7
COQUILLE VALLEY HOSPITAL DISTRICT,OR,14.7
CORYELL MEMORIAL HOSPITAL,TX,14.7
COTTAGE HOSPITAL,NH,14.7
CRETE AREA MEDICAL CENTER,NE,14.7
DEKALB REGIONAL MEDICAL CENTER,AL,14.7
DELTA COUNTY MEMORIAL HOSPITAL,CO,14.7
"DEWITT HOSPITAL & NURSING HOME, INC",AR,14.7
DONALSONVILLE HOSPITAL INC,GA,14.7
ELIZABETHTOWN COMMUNITY HOSPITAL,NY,14.7
ESSENTIA HEALTH MOOSE LAKE,MN,14.7
EVANS MEMORIAL HOSPITAL,GA,14.7
FAIRCHILD MEDICAL CENTER,CA,14.7
FALLON MEDICAL COMPLEX HOSPITAL,MT,14.7
FRANCES MAHON DEACONESS HOSPITAL,MT,14.7
FRANCISCAN HEALTH DYER,IN,14.7
FRANKLIN FOUNDATION HOSPITAL,LA,14.7
GEISINGER WYOMING VALLEY MEDICAL CENTER,PA,14.7
GENESIS MEDICAL CENTER-DAVENPORT,IA,14.7
GOOD SAMARITAN HOSPITAL MEDICAL CENTER,NY,14.7
GOOD SAMARITAN HOSPITAL OF SUFFERN,NY,14.7
HANCOCK REGIONAL HOSPITAL,IN,14.7
HANSFORD COUNTY HOSPITAL,TX,14.7
HARDIN COUNTY GENERAL HOSPITAL & CLINIC,IL,14.7
HARRIS HEALTH SYSTEM,TX,14.7
HCA FLORIDA MEMORIAL HOSPITAL,FL,14.7
HCA FLORIDA NORTHWEST HOSPITAL,FL,14.7
HCA HOUSTON HEALTHCARE MEDICAL CENTER,TX,14.7
HEALTHALLIANCE HOSPITAL MARYS AVENUE CAMPUS,NY,14.7
HEMET GLOBAL MEDICAL CENTER,CA,14.7
HENRY COUNTY HEALTH CENTER,IA,14.7
"HENRY COUNTY HOSPITAL, INC",OH,14.7
HEREFORD REGIONAL MEDICAL CENTER,TX,14.7
HERMANN AREA DISTRICT HOSPITAL,MO,14.7
HILL REGIONAL HOSPITAL,TX,14.7
HILLS & DALES GENERAL HOSPITAL,MI,14.7
HODGEMAN COUNTY HEALTH CENTER,KS,14.7
HOSPITAL DAMAS INC,PR,14.7
HOSPITAL METROPOLITANO DE SAN GERMAN,PR,14.7
HSHS HOLY FAMILY HOSPITAL INC,IL,14.7
INDIANHEAD MEDICAL CTR,WI,14.7
IOWA SPECIALTY HOSPITAL - BELMOND,IA,14.7
KAISER FOUNDATION HOSPITAL - WEST LA,CA,14.7
KAISER FOUNDATION HOSPITAL AND REHAB CENTER,CA,14.7
"KAISER FOUNDATION HOSPITAL, RIVERSIDE",CA,14.7
KANSAS MEDICAL CENTER LLC,KS,14.7
KNAPP MEDICAL CENTER,TX,14.7
LAC/RANCHO LOS AMIGOS NATIONAL REHABILITATION  CTR,CA,14.7
LAKE HURON MEDICAL CENTER,MI,14.7
LAKEWOOD HEALTH SYSTEM,MN,14.7
LECOM HEALTH CORRY MEMORIAL HOSPITAL,PA,14.7
LEXINGTON REGIONAL HEALTH CENTER,NE,14.7
LIMESTONE MEDICAL CENTER,TX,14.7
LOWER UMPQUA HOSPITAL DISTRICT,OR,14.7
"LUMINIS HEALTH ANNE ARUNDEL MEDICAL CENTER, INC",MD,14.7
MADISON VALLEY MEDICAL CENTER,MT,14.7
MARINERS HOSPITAL,FL,14.7
MCLEOD HEALTH CLARENDON,SC,14.7
MEDICAL CENTER OF SOUTH ARKANSAS,AR,14.7
MEDSTAR SAINT MARY'S HOSPITAL,MD,14.7
MEMORIAL HEALTHCARE,MI,14.7
MEMORIAL HOSPITAL AND MANOR,GA,14.7
MEMORIAL HOSPITAL LOS BANOS,CA,14.7
MEMORIAL HOSPITAL OF LAFAYETTE COUNTY,WI,14.7
MERCY HEALTH - WILLARD HOSPITAL,OH,14.7
MERCY HOSPITAL CARTHAGE,MO,14.7
MERCY HOSPITAL WALDRON,AR,14.7
MERIT HEALTH RIVER OAKS,MS,14.7
MERIT HEALTH RIVER REGION,MS,14.7
METHODIST HOSPITAL ATASCOSA,TX,14.7
MIDLAND MEMORIAL HOSPITAL,TX,14.7
MIDWEST MEDICAL CENTER,IL,14.7
"MIDWESTERN REGION MED CENTER, INC",IL,14.7
MIMBRES MEMORIAL HOSPITAL,NM,14.7
MINERS' COLFAX MEDICAL CENTER,NM,14.7
MORRIS HOSPITAL & HEALTHCARE CENTERS,IL,14.7
MOUNDVIEW MEMORIAL HOSPITAL AND CLINICS,WI,14.7
MOUNT CARMEL ST ANN'S,OH,14.7
MOUNT NITTANY MEDICAL CENTER,PA,14.7
NATIVIDAD MEDICAL CENTER,CA,14.7
NEW ULM MEDICAL CENTER,MN,14.7
NORMAN REGIONAL,OK,14.7
NORTH CAROLINA BAPTIST HOSPITAL,NC,14.7
NORTH SHORE MEDICAL CENTER -,MA,14.7
NORTH VALLEY HOSPITAL,WA,14.7
NORTHBAY MEDICAL CENTER,CA,14.7
NORTHERN NAVAJO MEDICAL CENTER,NM,14.7
NORTHERN WESTCHESTER HOSPITAL,NY,14.7
NS/LIJ HS SOUTHSIDE HOSPITAL,NY,14.7
OCHSNER LSU HEALTH MONROE,LA,14.7
"OCHSNER MEDICAL CENTER - NORTHSHORE, L L C",LA,14.7
OKLAHOMA CITY VA MEDICAL CENTER,OK,14.7
ONECORE HEALTH,OK,14.7
OSF HEART OF MARY MEDICAL CENTER,IL,14.7
OSF SAINT ELIZABETH MDL CTR,IL,14.7
OWENSBORO HEALTH MUHLENBERG COMMUNITY HOSPITAL,KY,14.7
OZARK HEALTH,AR,14.7
PALO ALTO COUNTY HOSPITAL,IA,14.7
PARMA COMMUNITY GENERAL HOSPITAL,OH,14.7
PHILLIPS COUNTY HOSPITAL,KS,14.7
PHS INDIAN HOSPITAL AT ROSEBUD,SD,14.7
PIONEERS MEMORIAL HEALTHCARE DISTRICT,CA,14.7
PRESENCE SAINT JOSEPH HOSPITAL - CHICAGO,IL,14.7
PRESTON MEMORIAL HOSPITAL,WV,14.7
PRISMA HEALTH OCONEE MEMORIAL HOSPITAL,SC,14.7
PROVIDENCE KODIAK ISLAND MEDICAL CTR,AK,14.7
PROVIDENCE WILLAMETTE FALLS MEDICAL CENTER,OR,14.7
REEVES MEMORIAL MEDICAL CENTER,LA,14.7
RIDGEVIEW SIBLEY MEDICAL CENTER,MN,14.7
RIO GRANDE REGIONAL HOSPITAL,TX,14.7
RYDER MEMORIAL HOSPITAL INC,PR,14.7
SAINT BARNABAS MEDICAL CENTER,NJ,14.7
SAINT LUKE'S SOUTH HOSPITAL,KS,14.7
SAINT MICHAEL'S MEDICAL CENTER,NJ,14.7
SAMPSON REGIONAL MEDICAL CENTER,NC,14.7
SAN JUAN MUNICIPAL HOSPITAL,PR,14.7
SAN MATEO MEDICAL CENTER,CA,14.7
SANFORD BAGLEY MEDICAL CENTER,MN,14.7
SANFORD HOSPITAL WEBSTER - CAH,SD,14.7
SANTA CLARA VALLEY MEDICAL CENTER,CA,14.7
SANTA MONICA - UCLA MED CTR & ORTHOPAEDIC HOSPITAL,CA,14.7
SCRIPPS MERCY HOSPITAL,CA,14.7
SENTARA NORFOLK GENERAL HOSPITAL,VA,14.7
SENTARA OBICI HOSPITAL,VA,14.7
SENTARA PRINCESS ANNE HOSPITAL,VA,14.7
SENTARA RMH MEDICAL CENTER,VA,14.7
SOUTH COUNTY HOSPITAL INC,RI,14.7
SOUTH MIAMI HOSPITAL,FL,14.7
SOUTH SUNFLOWER COUNTY HOSPITAL,MS,14.7
SOUTHERN OHIO MEDICAL CENTER,OH,14.7
SOUTHERN REGIONAL MEDICAL CENTER,GA,14.7
SOUTHWEST HEALTHCARE SYSTEM,CA,14.7
SPANISH PEAKS REGIONAL HEALTH CENTER,CO,14.7
SPEARE MEMORIAL HOSPITAL,NH,14.7
SPOONER HEALTH SYSTEM,WI,14.7
SSM HEALTH ST ANTHONY HOSPITAL - OKLAHOMA CITY,OK,14.7
ST LUKE'S ELMORE MEDICAL CENTER,ID,14.7
ST MARY'S HEALTHCARE,NY,14.7
ST MARYS REGIONAL MEDICAL CENTER,AR,14.7
STERLING REGIONAL MEDCENTER,CO,14.7
SUBURBAN HOSPITAL,MD,14.7
SWEETWATER HOSPITAL ASSOCIATION,TN,14.7
TAHOE FOREST HOSPITAL,CA,14.7
TENNOVA HEALTHCARE - NEWPORT MEDICAL CENTER,TN,14.7
TEXAS HEALTH HARRIS METHODIST HOSPITAL SOUTHLAKE,TX,14.7
THE MEDICAL CENTER AT SCOTTSVILLE,KY,14.7
TOMAH MEMORIAL HOSPITAL,WI,14.7
TROY REGIONAL MEDICAL CENTER,AL,14.7
UNC ROCKINGHAM,NC,14.7
UNITY PHYSICIANS HOSPITAL,IN,14.7
UNIVERSITY HOSPITALS PORTAGE MEDICAL CENTER,OH,14.7
UNIVERSITY MCDUFFIE COUNTY REGIONAL MEDICAL CENTER,GA,14.7
UPMC MUNCY,PA,14.7
UT HEALTH EAST TEXAS ATHENS HOSPITAL,TX,14.7
UVA HEALTH HAYMARKET MEDICAL CENTER,VA,14.7
VA BLACK HILLS HEALTHCARE SYSTEM - HOT SPRINGS,SD,14.7
VALLEYWISE HEALTH MEDICAL CENTER,AZ,14.7
WARREN GENERAL HOSPITAL,PA,14.7
WASHINGTON HEALTH SYSTEM GREENE,PA,14.7
WAUKESHA MEMORIAL HOSPITAL,WI,14.7
WEEKS MEDICAL CENTER,NH,14.7
WEST CARROLL MEMORIAL HOSPITAL,LA,14.7
WEST TENNESSEE HEALTHCARE BOLIVAR HOSPITAL,TN,14.7
WHITE PLAINS HOSPITAL CENTER,NY,14.7
WILLIAM W BACKUS HOSPITAL,CT,14.7
WISE REGIONAL HEALTH SYSTEM,TX,14.7
WOODLAND MEMORIAL HOSPITAL,CA,14.7
YALE-NEW HAVEN HOSPITAL,CT,14.7
GRADY MEMORIAL HOSPITAL,GA,14.7
MONROE COUNTY HOSPITAL,AL,14.7333333333333
GUNNISON VALLEY HOSPITAL,CO,14.75
TRINITY HOSPITAL,CA,14.75
ADVENTHEALTH OCALA,FL,14.8
ADVENTIST HEALTH BAKERSFIELD,CA,14.8
ADVENTIST HEALTH DELANO,CA,14.8
ADVENTIST LA GRANGE MEMORIAL HOSPITAL,IL,14.8
AMITA HEALTH RESURRECTION MEDICAL CENTER,IL,14.8
ANDROSCOGGIN VALLEY HOSPITAL,NH,14.8
ANGEL MEDICAL CENTER,NC,14.8
ARTESIA GENERAL HOSPITAL,NM,14.8
ASCENSION ST FRANCIS HOSPITAL,WI,14.8
"ASPIRUS MEDFORD HOSPITAL & CLINICS, INC",WI,14.8
ATHOL MEMORIAL HOSPITAL,MA,14.8
ATRIUM HEALTH PINEVILLE,NC,14.8
BANNER CHURCHILL COMMUNITY HOSPITAL,NV,14.8
BANNER LASSEN MEDICAL CENTER,CA,14.8
BAPTIST MEMORIAL HOSPITAL UNION COUNTY,MS,14.8
BAPTIST NEIGHBORHOOD HOSPITAL THOUSAND OAKS,TX,14.8
BASSETT HEALTHCARE,NY,14.8
BATH VA MEDICAL CENTER,NY,14.8
BAYFRONT HEALTH ST PETERSBURG,FL,14.8
"BAYHEALTH HOSPITAL, KENT CAMPUS",DE,14.8
BAYLOR SCOTT & WHITE MEDICAL CENTER- COLLEGE STATI,TX,14.8
BEAUMONT HOSPITAL - TAYLOR,MI,14.8
BETH ISRAEL DEACONESS HOSPITAL - MILTON,MA,14.8
BETH ISRAEL DEACONESS HOSPITAL PLYMOUTH,MA,14.8
BIG BEND REGIONAL MEDICAL CENTER,TX,14.8
BLOUNT MEMORIAL HOSPITAL,TN,14.8
BOTHWELL REGIONAL HEALTH CENTER,MO,14.8
BROOKDALE HOSPITAL MEDICAL CENTER,NY,14.8
BUCYRUS COMMUNITY HOSPITAL,OH,14.8
CALDWELL REGIONAL MEDICAL CENTER,KS,14.8
CALLAWAY DISTRICT HOSPITAL,NE,14.8
CAPE CANAVERAL HOSPITAL,FL,14.8
CAPITAL HEALTH MEDICAL CENTER - HOPEWELL,NJ,14.8
CASEY COUNTY HOSPITAL,KY,14.8
CHIPPEWA COUNTY HOSPITAL,MN,14.8
CJW MEDICAL CENTER,VA,14.8
CLEVELAND CLINIC MARTIN NORTH HOSPITAL,FL,14.8
CLINCH MEMORIAL HOSPITAL,GA,14.8
CLOVIS COMMUNITY MEDICAL CENTER,CA,14.8
COVINGTON COUNTY HOSPITAL CAH,MS,14.8
CRENSHAW COMMUNITY HOSPITAL,AL,14.8
CRESCENT MEDICAL CENTER LANCASTER,TX,14.8
CRITTENDEN COMMUNITY HOSPITAL,KY,14.8
DAVIE MEDICAL CENTER,NC,14.8
DOCTORS HOSPTAL AT RENAISSANCE,TX,14.8
EASTERN OKLAHOMA MEDICAL CENTER,OK,14.8
EASTERN PLUMAS HOSPITAL - PORTOLA CAMPUS,CA,14.8
EISENHOWER MEDICAL CENTER,CA,14.8
ELLSWORTH COUNTY MEDICAL CENTER,KS,14.8
EMERSON HOSPITAL -,MA,14.8
EMORY JOHNS CREEK HOSPITAL,GA,14.8
EMORY UNIVERSITY HOSPITAL,GA,14.8
EXCELSIOR SPRINGS HOSPITAL,MO,14.8
FAIRBANKS,IN,14.8
FLUSHING HOSPITAL MEDICAL CENTER,NY,14.8
FORBES HOSPITAL,PA,14.8
FORREST GENERAL HOSPITAL,MS,14.8
GEISINGER-LEWISTOWN HOSPITAL,PA,14.8
GIBSON GENERAL HOSPITAL,IN,14.8
GLACIAL RIDGE HOSPITAL,MN,14.8
GLENN MEDICAL CENTER,CA,14.8
GRANT REGIONAL HEALTH CENTER,WI,14.8
GREENE COUNTY GENERAL HOSPITAL,IN,14.8
GREENVIEW REGIONAL HOSPITAL,KY,14.8
GUTHRIE CORTLAND REGIONAL MEDICAL CENTER,NY,14.8
HARDIN MEMORIAL HOSPITAL,OH,14.8
HARLEM HOSPITAL CENTER,NY,14.8
HARRISON COUNTY COMMUNITY HOSPITAL,MO,14.8
HCA FLORIDA OAK HILL HOSPITAL,FL,14.8
HCA FLORIDA PASADENA HOSPITAL,FL,14.8
HCA FLORIDA PUTNAM HOSPITAL,FL,14.8
HENDERSON HEALTH CARE SERVICES,NE,14.8
HENDRICKS REGIONAL HEALTH,IN,14.8
HENDRY REGIONAL MEDICAL CENTER,FL,14.8
HIGGINS GENERAL HOSPITAL,GA,14.8
HILLCREST HOSPITAL CLAREMORE,OK,14.8
HILLCREST HOSPITAL PRYOR,OK,14.8
HOSPITAL SAN CRISTOBAL,PR,14.8
HOUSTON COUNTY COMMUNITY HOSPITAL,TN,14.8
HOUSTON METHODIST SUGARLAND HOSPITAL,TX,14.8
ILLINI COMMUNITY HOSPITAL,IL,14.8
INDIANA UNIVERSITY HEALTH BEDFORD HOSPITAL,IN,14.8
IROQUOIS MEMORIAL HOSPITAL,IL,14.8
JACKSON GENERAL HOSPITAL,WV,14.8
JACKSON HOSPITAL & CLINIC INC,AL,14.8
JAMAICA HOSPITAL MEDICAL CENTER,NY,14.8
JEFF DAVIS HOSPITAL,GA,14.8
JEFFERSON REGIONAL MEDICAL CENTER,AR,14.8
KECK HOSPITAL OF USC,CA,14.8
KNOX COMMUNITY HOSPITAL,OH,14.8
KNOX COUNTY HOSPITAL,KY,14.8
KOSCIUSKO COMMUNITY HOSPITAL,IN,14.8
LA PAZ REGIONAL HOSPITAL,AZ,14.8
LARKIN COMMUNITY HOSPITAL PALM SPRINGS CAMPUS,FL,14.8
LIFECARE MEDICAL CENTER,MN,14.8
LITTLE COLORADO MEDICAL CENTER,AZ,14.8
LOGAN MEMORIAL HOSPITAL,KY,14.8
LOMA LINDA UNIVERSITY MEDICAL CENTER-MURRIETA,CA,14.8
LOURDES HOSPITAL,KY,14.8
MADISON HEALTH,OH,14.8
MARIA PARHAM MEDICAL CENTER,NC,14.8
MAYO CLINIC HEALTH SYSTEM - ST JAMES,MN,14.8
MC DONOUGH DISTRICT HOSPITAL,IL,14.8
MCGEHEE HOSPITAL,AR,14.8
MCLEOD LORIS  HOSPITAL,SC,14.8
MEDICAL CITY LEWISVILLE,TX,14.8
MEMORIAL HOSPITAL OF TEXAS COUNTY AUTHORITY,OK,14.8
"MEMORIAL HOSPITAL, THE",CO,14.8
MEMORIALCARE ORANGE COAST MEDICAL CENTER,CA,14.8
MERCY HOSPITAL - CASSVILLE,MO,14.8
MERCY HOSPITAL OF BUFFALO,NY,14.8
METHODIST JENNIE EDMUNDSON,IA,14.8
MIDSTATE MEDICAL CENTER,CT,14.8
MILLE LACS HEALTH SYSTEM,MN,14.8
"MONTGOMERY GENERAL HOSPITAL, INC",WV,14.8
MONUMENT HEALTH CUSTER HOSPITAL,SD,14.8
MORGAN MEDICAL CENTER,GA,14.8
MOUNTAINS COMMUNITY HOSPITAL,CA,14.8
MULESHOE AREA MEDICAL CENTER,TX,14.8
MULTICARE COVINGTON MEDICAL CENTER,WA,14.8
MURRAY COUNTY MEMORIAL HOSPITAL,MN,14.8
MUSC HEALTH LANCASTER MEDICAL CENTER,SC,14.8
NACOGDOCHES MEMORIAL HOSPITAL,TX,14.8
NEW LIBERTY HOSPITAL DISTRICT,MO,14.8
NORTH RUNNELS HOSPITAL,TX,14.8
NORTHPORT VA MEDICAL CENTER,NY,14.8
NORTHWEST COMMUNITY HOSPITAL 1,IL,14.8
OAKLAWN HOSPITAL,MI,14.8
ONSLOW MEMORIAL HOSPITAL,NC,14.8
OPELOUSAS GENERAL HEALTH SYSTEM,LA,14.8
ORCHARD HOSPITAL,CA,14.8
OSCEOLA COMMUNITY HOSPITAL,IA,14.8
P H S INDIAN HOSPITAL AT BROWNING - BLACKFEET,MT,14.8
PALO PINTO GENERAL HOSPITAL,TX,14.8
PARKLAND HEALTH & HOSPITAL SYSTEM,TX,14.8
PARKVIEW REGIONAL HOSPITAL,TX,14.8
PARMER COUNTY COMMUNITY HOSPITAL,TX,14.8
PRESBYTERIAN COMMUNITY HOSP,PR,14.8
PRESBYTERIAN SANTA FE MEDICAL CENTER,NM,14.8
PROVIDENCE CEDARS SINAI TARZANA MEDICAL CENTER,CA,14.8
PROVIDENCE HOOD RIVER MEMORIAL HOSPITAL,OR,14.8
RAINY LAKE MEDICAL CENTER,MN,14.8
REHOBOTH MCKINLEY CHRISTIAN HEALTH CARE SERVICES,NM,14.8
RENOWN REGIONAL MEDICAL CENTER,NV,14.8
RESTON HOSPITAL CENTER,VA,14.8
ROOSEVELT GENERAL HOSPITAL,NM,14.8
ROSE MEDICAL CENTER,CO,14.8
SABINE COUNTY HOSPITAL,TX,14.8
SALEM MEMORIAL DISTRICT HOSPITAL,MO,14.8
SAMUEL SIMMONDS MEMORIAL HOSPITAL,AK,14.8
SANFORD CANBY MEDICAL CENTER,MN,14.8
SANTA ROSA MEDICAL CENTER,FL,14.8
SCHUYLER HOSPITAL,NY,14.8
SEARHC WRANGELL MEDICAL CENTER-CAH,AK,14.8
SENTARA ALBEMARLE MEDICAL CENTER,NC,14.8
SEQUOYAH COUNTY-CITY OF SALLISAW HOSPITAL AUTHORIT,OK,14.8
SHARON HOSPITAL,CT,14.8
SHENANDOAH MEDICAL CENTER,IA,14.8
SHERIDAN MEMORIAL HOSPTIAL,MT,14.8
SLIDELL MEMORIAL HOSPITAL,LA,14.8
SOUTH TEXAS HEALTH SYSTEM,TX,14.8
SOUTHWEST MS REGIONAL MEDICAL CENTER,MS,14.8
SSM ST JOSEPH HEALTH CENTER,MO,14.8
ST ELIZABETH EDGEWOOD,KY,14.8
ST LUKE'S DES PERES HOSPITAL,MO,14.8
ST VINCENT GENERAL HOSPITAL DISTRICT,CO,14.8
STILLWATER MEDICAL - PERRY,OK,14.8
STOUGHTON HOSPITAL ASSOCIATION,WI,14.8
SUTTER LAKESIDE HOSPITAL,CA,14.8
TEXAS HEALTH HOSPITAL MANSFIELD,TX,14.8
THE JAMES B. HAGGIN MEMORIAL HOSPITAL,KY,14.8
TIDELANDS WACCAMAW COMMUNITY HOSPITAL,SC,14.8
TREGO COUNTY LEMKE MEMORIAL HOSPITAL,KS,14.8
TRINITY MEDICAL CTR EAST &TRINITY MEDICAL CTR WEST,OH,14.8
TRISTAR SOUTHERN HILLS MEDICAL CENTER,TN,14.8
UAMS MEDICAL CENTER,AR,14.8
UC SAN DIEGO HEALTH HILLCREST - HILLCREST MED CTR,CA,14.8
UF HEALTH LEESBURG HOSPITAL,FL,14.8
UMASS MEMORIAL MEDICAL CENTER/UNIVERSITY CAMPUS,MA,14.8
UNION GENERAL HOSPITAL,GA,14.8
UNIVERSITY OF CALIFORNIA DAVIS MEDICAL CENTER,CA,14.8
UPMC KANE,PA,14.8
UPMC WELLSBORO,PA,14.8
VA SIERRA NEVADA HEALTHCARE SYSTEM,NV,14.8
VALLEY REGIONAL MEDICAL CENTER,TX,14.8
WALTHALL COUNTY GENERAL HOSPITAL CAH,MS,14.8
WASHINGTON COUNTY MEMORIAL HOSPITAL,MO,14.8
WELLSPAN SURGERY AND REHABILITATION HOSPITAL,PA,14.8
WHITE MEMORIAL MEDICAL CENTER,CA,14.8
WINNER REGIONAL HEALTHCARE CENTER - CAH,SD,14.8
MANCHESTER MEMORIAL HOSPITAL,CT,14.85
RUSSELL COUNTY HOSPITAL,KY,14.85
WILSON MEDICAL CENTER,KS,14.85
ADENA PIKE MEDICAL CENTER,OH,14.9
ADVOCATE GOOD SHEPHERD HOSPITAL,IL,14.9
ADVOCATE TRINITY HOSPITAL,IL,14.9
AHMC SETON MEDICAL CENTER,CA,14.9
ALBANY MEDICAL CENTER HOSPITAL,NY,14.9
ANDERSON HOSPITAL,IL,14.9
ARIZONA ORTHOPEDIC AND SURGICAL SPECIALTY HOSPITAL,AZ,14.9
ARKANSAS METHODIST MEDICAL CENTER,AR,14.9
ASCENSION ST JOHN SAPULPA,OK,14.9
ASCENSION ST MARY'S HOSPITAL,MI,14.9
ASCENSION ST VINCENT RANDOLPH,IN,14.9
ASPIRUS TOMAHAWK HOSPITAL,WI,14.9
ATRIUM HEALTH FLOYD MEDICAL CENTER,GA,14.9
AU MEDICAL CENTER,GA,14.9
AURELIA OSBORN FOX MEMORIAL HOSPITAL,NY,14.9
AVERA GREGORY HOSPITAL,SD,14.9
AVITA ONTARIO,OH,14.9
BAPTIST MEDICAL CENTER-YAZOO,MS,14.9
BARAGA COUNTY MEMORIAL HOSPITAL,MI,14.9
BARTON MEMORIAL HOSPITAL,CA,14.9
BAYLOR SCOTT & WHITE MEDICAL CENTER - BUDA,TX,14.9
BAYLOR SCOTT AND WHITE  MEDICAL CENTER  MCKINNEY,TX,14.9
BEACHAM MEMORIAL HOSPITAL,MS,14.9
BEEBE MEDICAL CENTER,DE,14.9
BELLA VISTA HOSPITAL,PR,14.9
BERKELEY MEDICAL CENTER,WV,14.9
BETHESDA  HOSPITAL INC,FL,14.9
BON SECOURS MARYVIEW MEDICAL CENTER,VA,14.9
BRIDGTON HOSPITAL,ME,14.9
BRISTOL HOSPITAL,CT,14.9
CABINET PEAKS MEDICAL CENTER,MT,14.9
CALAIS COMMUNITY HOSPITAL,ME,14.9
CANTON-POTSDAM HOSPITAL,NY,14.9
CARILION STONEWALL JACKSON HOSPITAL,VA,14.9
CARLSBAD MEDICAL CENTER,NM,14.9
CARNEY HOSPITAL,MA,14.9
CARY MEDICAL CENTER,ME,14.9
CEDAR COUNTY MEMORIAL HOSPITAL,MO,14.9
CGH MEDICAL CENTER,IL,14.9
CHAN SOON- SHIONG MEDICAL CENTER AT WINDBER,PA,14.9
CHI HEALTH MERCY COUNCIL BLUFFS,IA,14.9
CHI ST LUKE'S HEALTH BRAZOSPORT,TX,14.9
CLARINDA REGIONAL HEALTH CENTER,IA,14.9
CLARK FORK VALLEY HOSPITAL,MT,14.9
CLAXTON-HEPBURN MEDICAL CENTER,NY,14.9
COLUMBIA BASIN HOSPITAL,WA,14.9
"COMMUNITY MEDICAL CENTER, INC.",NE,14.9
COMMUNITY MEMORIAL HOSPITAL,MN,14.9
COOK  MEDICAL CENTER  A CAMPUS OF TIFT REG MED CTR,GA,14.9
COZAD COMMUNITY HOSPITAL,NE,14.9
CRAWFORD COUNTY MEMORIAL HOSPITAL,IA,14.9
CUERO REGIONAL HOSPITAL,TX,14.9
DAY KIMBALL HOSPITAL,CT,14.9
DOCTORS MEDICAL CENTER,CA,14.9
EAST LIVERPOOL CITY HOSPITAL,OH,14.9
EASTERN NIAGARA HOSPITAL - LOCKPORT DIVISION,NY,14.9
EATON RAPIDS MEDICAL CENTER,MI,14.9
EDWARD HOSPITAL,IL,14.9
EPHRAIM MCDOWELL FORT LOGAN HOSPITAL,KY,14.9
FAYETTE COUNTY HOSPITAL,IL,14.9
FAYETTEVILLE NC VA MEDICAL CENTER,NC,14.9
FIELD HEALTH SYSTEM,MS,14.9
FORKS COMMUNITY HOSPITAL,WA,14.9
FORREST CITY MEDICAL CENTER,AR,14.9
FORT LOUDOUN MEDICAL CENTER,TN,14.9
GEISINGER MEDICAL CENTER MUNCY,PA,14.9
GLENDALE ADVENTIST MEDICAL CENTER,CA,14.9
GRAHAM COUNTY HOSPITAL,KS,14.9
GROSSMONT HOSPITAL,CA,14.9
HAMILTON MEDICAL CENTER,GA,14.9
HARMON MEMORIAL HOSPITAL,OK,14.9
HARPER COUNTY COMMUNITY HOSPITAL,OK,14.9
HARTFORD HOSPITAL,CT,14.9
HCA FLORIDA BAYONET POINT HOSPITAL,FL,14.9
HCA FLORIDA LARGO HOSPITAL,FL,14.9
HCA FLORIDA UNIVERSITY HOSPITAL,FL,14.9
HILTON HEAD REGIONAL MEDICAL CENTER,SC,14.9
HMHP ST ELIZABETH BOARDMAN HEALTH CENTER,OH,14.9
HONORHEALTH SONORAN CROSSING MEDICAL CENTER,AZ,14.9
HOSP COMUNITARIO BUEN SAMARITANO,PR,14.9
"HOSPITAL MENONITA HUMACAO, INC",PR,14.9
HOSPITAL PAVIA SANTURCE,PR,14.9
HOSPITAL PEREA,PR,14.9
HUTCHINSON HEALTH,MN,14.9
INDIANA UNIVERSITY HEALTH,IN,14.9
INDIANA UNIVERSITY HEALTH WHITE MEMORIAL HOSPITAL,IN,14.9
INGALLS MEMORIAL HOSPITAL,IL,14.9
JEFFERSON COUNTY HEALTH CENTER,IA,14.9
JOHNSTON MEMORIAL HOSPITAL,VA,14.9
KAISER FOUNDATION HOSPITAL - FRESNO,CA,14.9
KAISER FOUNDATION HOSPITAL - WOODLAND HILLS,CA,14.9
KALEIDA HEALTH,NY,14.9
KATHERINE SHAW BETHEA HOSPITAL,IL,14.9
KING'S DAUGHTERS MEDICAL CENTER-BROOKHAVEN,MS,14.9
LAKEVIEW MEMORIAL HOSPITAL,MN,14.9
LAS PALMAS MEDICAL CENTER A CAMPUS OF LPDS HEALTHC,TX,14.9
LENOX HILL HOSPITAL,NY,14.9
LOVELACE WOMEN'S HOSPITAL,NM,14.9
LOWER BUCKS HOSPITAL,PA,14.9
MAGEE GENERAL HOSPITAL,MS,14.9
MAGNOLIA HOSPITAL,AR,14.9
MARSHFIELD MEDICAL CENTER - WESTON,WI,14.9
MARTIN COUNTY HOSPITAL DISTRICT,TX,14.9
MARYMOUNT HOSPITAL,OH,14.9
MASSAC MEMORIAL HOSPITAL,IL,14.9
MCLEOD MEDICAL CENTER - DILLON,SC,14.9
MEDICAL CITY WEATHERFORD,TX,14.9
MEDICAL COLLEGE OF VIRGINIA HOSPITALS,VA,14.9
MEDINA REGIONAL HOSPITAL,TX,14.9
MEMORIAL HOSPITAL PEMBROKE,FL,14.9
MERCY HEALTH SYSTEM CORP,WI,14.9
MERCY HOSPITAL JOPLIN,MO,14.9
"MERCY HOSPITAL WATONGA, INC",OK,14.9
MERITER HOSPITAL,WI,14.9
MERITUS MEDICAL CENTER,MD,14.9
METHODIST HOSPITAL,TX,14.9
METRO NASHVILLE GENERAL HOSPITAL,TN,14.9
MILLCREEK COMMUNITY HOSPITAL,PA,14.9
MINNEOLA DISTRICT HOSPITAL,KS,14.9
MISSION REGIONAL MEDICAL CENTER,TX,14.9
MONTGOMERY COUNTY MEMORIAL HOSPITAL,IA,14.9
MORTON PLANT HOSPITAL,FL,14.9
MOUNT GRANT GENERAL HOSPITAL,NV,14.9
MOUNTAIN VIEW HOSPITAL,ID,14.9
MUNSON HEALTHCARE OTSEGO MEMORIAL HOSPITAL,MI,14.9
MUSC HEALTH FLORENCE MEDICAL CENTER,SC,14.9
MYRTUE MEDICAL CENTER,IA,14.9
NACOGDOCHES MEDICAL CENTER,TX,14.9
NEVADA REGIONAL MEDICAL CENTER,MO,14.9
NEW ORLEANS EAST HOSPITAL,LA,14.9
NORTH MEMORIAL HEALTH HOSPITAL,MN,14.9
NORTHERN LIGHT MAYO HOSPITAL,ME,14.9
NORTON SOUND REGIONAL HOSPITAL,AK,14.9
OCHSNER CLINIC FOUNDATION,LA,14.9
OLMSTED MEDICAL CENTER,MN,14.9
ONEIDA HEALTH HOSPITAL,NY,14.9
OPTIM MEDICAL CENTER - SCREVEN,GA,14.9
ORO VALLEY HOSPITAL,AZ,14.9
OSF HOLY FAMILY MEDICAL CENTER,IL,14.9
OSWEGO HOSPITAL,NY,14.9
PAOLI HOSPITAL,PA,14.9
PARIS REGIONAL MEDICAL CENTER,TX,14.9
PENN STATE HEALTH HAMPDEN MEDICAL CENTER,PA,14.9
PIEDMONT ATHENS REGIONAL MEDICAL CENTER,GA,14.9
PIKEVILLE MEDICAL CENTER,KY,14.9
PRATTVILLE BAPTIST HOSPITAL,AL,14.9
PUTNAM HOSPITAL CENTER,NY,14.9
RAPPAHANNOCK GENERAL HOSPITAL,VA,14.9
RHODE ISLAND HOSPITAL,RI,14.9
RIVERSIDE COMMUNITY HOSPITAL,CA,14.9
SAINT FRANCIS MEDICAL CENTER,CA,14.9
SAINT MARY'S HOSPITAL,CT,14.9
SAINT ROSE DOMINICAN HOSPITALS - NORTH LAS VEGAS,NV,14.9
SAN ANTONIO REGIONAL HOSPITAL,CA,14.9
SARASOTA MEMORIAL HOSPITAL - VENICE,FL,14.9
SCOTLAND MEMORIAL HOSPITAL,NC,14.9
SENECA DISTRICT HOSPITAL,CA,14.9
SHARP CORONADO HOSPITAL AND HLTHCR CTR,CA,14.9
SOUTH MISSISSIPPI COUNTY REGIONAL MEDICAL CENTER,AR,14.9
SPOTSYLVANIA REGIONAL MEDICAL CENTER,VA,14.9
SSM HEALTH ST MARY'S HOSPITAL -CENTRALIA,IL,14.9
ST ANTHONYS HOSPITAL,FL,14.9
ST BERNARD PARISH HOSPITAL,LA,14.9
ST ELIZABETH YOUNGSTOWN HOSPITAL,OH,14.9
ST FRANCIS HOSPITAL & MEDICAL CENTER,CT,14.9
ST. VINCENT'S EAST,AL,14.9
STANFORD HEALTH CARE,CA,14.9
STANLY REGIONAL MEDICAL CENTER,NC,14.9
STEWARD NORTH SHORE MEDICAL CENTER,FL,14.9
STEWART MEMORIAL COMMUNITY HOSPITAL,IA,14.9
SYCAMORE SHOALS HOSPITAL,TN,14.9
TEMPLE UNIVERSITY HOSPITAL,PA,14.9
TENET HEALTH CENTRAL TWIN CITIES COMMUNITY HOSP,CA,14.9
TENNOVA HEALTHCARE-CLARKSVILLE,TN,14.9
TETON VALLEY HOSPITAL,ID,14.9
TEXAS HEALTH HARRIS METHODIST HOSPITAL ALLIANCE,TX,14.9
TEXAS HEALTH PRESBYTERIAN HOSPITAL ALLEN,TX,14.9
THE GENERAL,LA,14.9
THE HOSPITAL OF CENTRAL CONNECTICUT,CT,14.9
TMC- BONHAM HOSPITAL,TX,14.9
TRI VALLEY HEALTH SYSTEM,NE,14.9
TRISTAR CENTENNIAL MEDICAL CENTER,TN,14.9
TRISTAR SUMMIT MEDICAL CENTER,TN,14.9
UCHEALTH BROOMFIELD HOSPITAL,CO,14.9
UCSF MEDICAL CENTER,CA,14.9
UNICOI COUNTY  HOSPITAL,TN,14.9
UNION HOSPITAL INC,IN,14.9
"UNITED HOSPITAL CENTER, INC",WV,14.9
UNITY HOSPITAL,NY,14.9
UNIVERSITY HOSPITALS SAMARITAN MEDICAL CENTER,OH,14.9
UNIVERSITY MEDICAL CENTER OF PRINCETON AT PLAINSBORO,NJ,14.9
UNIVERSITY OF MISSOURI HEALTH CARE,MO,14.9
UPPER CONNECTICUT VALLEY HOSPITAL,NH,14.9
UPSON REGIONAL MEDICAL CENTER,GA,14.9
VA HUDSON VALLEY HEALTHCARE SYSTEM - CASTLE POINT,NY,14.9
"VIA CHRISTI HOSPITAL WICHITA ST TERESA, INC",KS,14.9
WALKER BAPTIST MEDICAL CENTER,AL,14.9
WELLSTAR WEST GEORGIA MEDICAL CENTER,GA,14.9
WEST SUBURBAN MEDICAL CENTER,IL,14.9
WHITE MOUNTAIN REGIONAL MEDICAL CENTER,AZ,14.9
WICKENBURG COMMUNITY HOSPITAL,AZ,14.9
WILBARGER GENERAL HOSPITAL,TX,14.9
WINTER HAVEN HOSPITAL,FL,14.9
YAVAPAI REGIONAL MEDICAL CENTER,AZ,14.9
RIVERSIDE MEDICAL CENTER,IL,14.95
UNIVERSITY MEDICAL CENTER,NV,14.95
ABRAZO ARROWHEAD HOSPITAL,AZ,15.0
ADAMS COUNTY REGIONAL MEDICAL CENTER,OH,15.0
ADVENTIST HEALTH LODI MEMORIAL,CA,15.0
ALLIANCEHEALTH PONCA CITY,OK,15.0
ASCENSION ST VINCENT'S SOUTHSIDE,FL,15.0
ASHTABULA COUNTY MEDICAL CENTER,OH,15.0
AURORA MEMORIAL HOSPITAL BURLINGTON,WI,15.0
AUXILIO MUTUO HOSPITAL,PR,15.0
BANNER - UNIVERSITY MEDICAL CENTER PHOENIX,AZ,15.0
BANNER FORT COLLINS MEDICAL CENTER,CO,15.0
BANNER IRONWOOD MEDICAL CENTER,AZ,15.0
BAPTIST HEALTH CORBIN,KY,15.0
BAPTIST HEALTH MEDICAL CENTER-LITTLE ROCK,AR,15.0
BAPTIST HEALTH MEDICAL CENTER-STUTTGART,AR,15.0
BAPTIST HEALTH PADUCAH,KY,15.0
BEAUMONT HOSPITAL - WAYNE,MI,15.0
CHAPMAN GLOBAL MEDICAL CENTER,CA,15.0
CHATUGE REGIONAL HOSPITAL,GA,15.0
CHESTER COUNTY HOSPITAL,PA,15.0
CHI ST LUKES HEALTH MEMORIAL LUFKIN,TX,15.0
CHRISTUS ST FRANCES CABRINI HOSPITAL,LA,15.0
CLAIBORNE COUNTY HOSPITAL,MS,15.0
CLARK MEMORIAL HOSPITAL,IN,15.0
COFFEY COUNTY HOSPITAL,KS,15.0
COLORADO RIVER MEDICAL CENTER,CA,15.0
COMMUNITY HOSPITAL EAST,IN,15.0
COMMUNITY HOSPITAL OF SAN BERNARDINO,CA,15.0
COMMUNITY HOWARD REGIONAL HEALTH INC.,IN,15.0
COOSA VALLEY MEDICAL CENTER,AL,15.0
CROSSROADS COMMUNITY HOSPITAL,IL,15.0
DELTA HEALTH-NORTHWEST REGIONAL,MS,15.0
DORMINY MEDICAL CENTER,GA,15.0
EAST JEFFERSON GENERAL HOSPITAL,LA,15.0
EAST OHIO REGIONAL HOSPITAL,OH,15.0
ENCINO HOSPITAL MEDICAL CENTER,CA,15.0
ENGLEWOOD HOSPITAL AND MEDICAL CENTER,NJ,15.0
ESSENTIA HEALTH VIRGINIA,MN,15.0
FIRST CARE HEALTH CENTER,ND,15.0
FRANCISCAN HEALTH MUNSTER,IN,15.0
FRANKLIN COUNTY MEDICAL CENTER,ID,15.0
FROEDTERT SOUTH INC.,WI,15.0
GREENEVILLE COMMUNITY HOSPITAL,TN,15.0
GUADALUPE REGIONAL MEDICAL CENTER,TX,15.0
HANOVER HOSPITAL,KS,15.0
HCA FLORIDA NORTH FLORIDA HOSPITAL,FL,15.0
HCA FLORIDA RAULERSON HOSPITAL,FL,15.0
HELEN NEWBERRY JOY HOSPITAL,MI,15.0
HOLMES COUNTY HOSPITAL AND CLINICS,MS,15.0
HOSPITAL ONCOLOGICO DR ISAAC GONZALEZ MARTINEZ,PR,15.0
HOUSTON HEALTHCARE,GA,15.0
HSHS GOOD SHEPHERD HOSPITAL,IL,15.0
HUMBOLDT GENERAL HOSPITAL,NV,15.0
JACKSON MEDICAL CENTER,AL,15.0
JACOBSON MEMORIAL HOSPITAL CARE CENTER,ND,15.0
JOHNSTON HEALTH,NC,15.0
JONES REGIONAL MEDICAL CENTER,IA,15.0
KAISER FOUNDATION HOSPITAL - BALDWIN PARK,CA,15.0
KAISER FOUNDATION HOSPITAL - ORANGE COUNTY - ANAHEIM,CA,15.0
KETTERING HEALTH MIAMISBURG,OH,15.0
LAKE CUMBERLAND REGIONAL HOSPITAL,KY,15.0
LINTON HOSPITAL - CAH,ND,15.0
LIVINGSTON HEALTHCARE,MT,15.0
LONG ISLAND COMMUNITY HOSPITAL,NY,15.0
LOS ROBLES HOSPITAL & MEDICAL CENTER,CA,15.0
MAHASKA  HEALTH PARTNERSHIP,IA,15.0
MARSHFIELD MEDICAL CENTER,WI,15.0
MCLAREN FLINT,MI,15.0
MCLAREN OAKLAND,MI,15.0
MELISSA MEMORIAL HOSPITAL,CO,15.0
MEMORIAL HERMANN HOSPITAL SYSTEM,TX,15.0
"MERCY HOSPITAL ARDMORE, INC",OK,15.0
MERCY HOSPITAL BOONEVILLE,AR,15.0
MERCY ST VINCENT MEDICAL CENTER,OH,15.0
MILLINOCKET REGIONAL HOSPITAL,ME,15.0
MOUNT SINAI BETH ISRAEL,NY,15.0
MOUNT SINAI SOUTH NASSAU,NY,15.0
MOUNT SINAI ST LUKE'S ROOSEVELT HOSPITAL,NY,15.0
MOUNTAINVIEW HOSPITAL,NV,15.0
MUSC HEALTH MARION MEDICAL CENTER,SC,15.0
MYMICHIGAN MEDICAL CENTER ALMA,MI,15.0
NAVICENT HEALTH BALDWIN,GA,15.0
NELL J REDFIELD MEMORIAL HOSPITAL,ID,15.0
NEOSHO MEMORIAL REGIONAL MEDICAL CENTER,KS,15.0
NOCONA GENERAL HOSPITAL,TX,15.0
NORTH AUSTIN MEDICAL CENTER,TX,15.0
NORTHWEST HEALTH - STARKE,IN,15.0
NORTHWESTERN MEDICINE CENTRAL DUPAGE HOSPITAL,IL,15.0
"NORTON HOSPITALS, INC",KY,15.0
NORTON-KING'S DAUGHTERS' HEALTH,IN,15.0
NYACK HOSPITAL,NY,15.0
O U MEDICAL CENTER,OK,15.0
ORTHOPAEDIC HOSPITAL AT PARKVIEW NORTH,IN,15.0
OSF SAINT CLARE MEDICAL CENTER,IL,15.0
OTTO KAISER MEMORIAL HOSPITAL,TX,15.0
OUR LADY OF THE LAKE SURGICAL HOSPITAL,LA,15.0
PEMISCOT COUNTY MEMORIAL HOSPITAL,MO,15.0
PENDER COMMUNITY HOSPITAL,NE,15.0
PIEDMONT AUGUSTA HOSPITAL,GA,15.0
PIEDMONT CARTERSVILLE MEDICAL CENTER,GA,15.0
PIEDMONT HENRY HOSPITAL,GA,15.0
PLUMAS DISTRICT HOSPITAL,CA,15.0
PROSSER MEMORIAL HOSPITAL,WA,15.0
PUTNAM GENERAL HOSPITAL,GA,15.0
REGIONAL HEALTH SERVICES OF HOWARD COUNTY,IA,15.0
REGIONAL HOSPITAL OF SCRANTON,PA,15.0
REGIONAL WEST GARDEN COUNTY HOSPITAL,NE,15.0
REGIONS HOSPITAL,MN,15.0
RIVERSIDE SHORE MEMORIAL HOSPITAL,VA,15.0
ROOKS COUNTY HEALTH CENTER,KS,15.0
RUSH UNIVERSITY MEDICAL CENTER,IL,15.0
SAINT FRANCIS HOSPITAL MUSKOGEE,OK,15.0
SAINT JOSEPH LONDON,KY,15.0
SEATTLE VA MEDICAL CENTER (VA PUGET SOUND HEALTHCARE SYSTEM),WA,15.0
SETON MEDICAL CENTER HARKER HEIGHTS,TX,15.0
SHARE MEDICAL CENTER,OK,15.0
SMP HEALTH ST ALOISIUS,ND,15.0
SOUTH POINTE HOSPITAL,OH,15.0
SOUTHCOAST HOSPITALS GROUP,MA,15.0
SOUTHEASTHEALTH,MO,15.0
ST BERNARDINE MEDICAL CENTER,CA,15.0
ST DOMINIC-JACKSON MEMORIAL HOSPITAL,MS,15.0
ST ELIZABETH FLORENCE,KY,15.0
ST JAMES MERCY HOSPITAL,NY,15.0
ST MARY'S MEDICAL CENTER,CA,15.0
ST VINCENT'S BIRMINGHAM,AL,15.0
STARR COUNTY MEMORIAL HOSPITAL,TX,15.0
STONES RIVER HOSPITAL,TN,15.0
STRAITH HOSPITAL FOR SPECIAL SURGERY,MI,15.0
TANNER MEDICAL CENTER-EAST ALABAMA,AL,15.0
THE NEBRASKA MEDICAL CENTER,NE,15.0
UCHEALTH HIGHLANDS RANCH HOSPITAL,CO,15.0
UNIVERSITY OF ILLINOIS HOSPITAL AND CLINICS,IL,15.0
UNIVERSITY OF MICHIGAN HEALTH SYSTEM,MI,15.0
UPMC PINNACLE HOSPITALS,PA,15.0
UVALDE MEMORIAL HOSPITAL,TX,15.0
VA MONTANA HEALTHCARE SYSTEM,MT,15.0
VA NEW MEXICO HEALTHCARE SYSTEM,NM,15.0
VETERANS MEMORIAL HOSPITAL,IA,15.0
VIDANT DUPLIN HOSPITAL,NC,15.0
VIRTUA OUR LADY OF LOURDES HOSPITAL,NJ,15.0
WASHINGTON COUNTY HOSP INC,NC,15.0
"WASHINGTON HOSPITAL, THE",PA,15.0
WEBSTER GENERAL HOSPITAL/ SWING BED,MS,15.0
WELIA HEALTH,MN,15.0
WELLMONT BRISTOL REGIONAL MEDICAL CENTER,TN,15.0
WEST CHESTER HOSPITAL,OH,15.0
WYTHE COUNTY COMMUNITY HOSPITAL,VA,15.0
ADVENTHEALTH DELAND,FL,15.1
ADVOCATE SHERMAN HOSPITAL,IL,15.1
AKRON GENERAL MEDICAL CENTER,OH,15.1
ALLEGHENY GENERAL HOSPITAL,PA,15.1
ALLEGHENY VALLEY HOSPITAL,PA,15.1
AMBERWELL ATCHISON ASSOCIATION,KS,15.1
ANAHEIM GLOBAL MEDICAL CENTER,CA,15.1
ANTELOPE VALLEY HOSPITAL,CA,15.1
ASCENSION SACRED HEART BAY,FL,15.1
ASPIRUS KEWEENAW HOSPITAL AND CLINICS,MI,15.1
AUBURN  COMMUNITY  HOSPITAL,NY,15.1
AURORA MEDICAL CENTER,WI,15.1
BACON COUNTY HOSPITAL,GA,15.1
BAPTIST HEALTH FLOYD,IN,15.1
BAPTIST HEALTH MEDICAL CENTER NORTH LITTLE ROCK,AR,15.1
BAPTIST MEDICAL CENTER SOUTH,AL,15.1
BAPTIST MEMORIAL HOSPITAL BOONEVILLE,MS,15.1
BAYSHORE MEDICAL CENTER,NJ,15.1
BEAUMONT HOSPITAL ROYAL OAK,MI,15.1
BERGER HOSPITAL,OH,15.1
BERKSHIRE MEDICAL CENTER,MA,15.1
BERTRAND CHAFFEE HOSPITAL,NY,15.1
BON SECOURS SOUTHSIDE MEDICAL CENTER,VA,15.1
BRODSTONE MEMORIAL HOSPITAL,NE,15.1
CATHOLIC MEDICAL CENTER,NH,15.1
CENTRAL CAROLINA HOSPITAL,NC,15.1
CHI ST LUKES HEALTH MEMORIAL LIVINGSTON,TX,15.1
CHRISTIAN HOSPITAL NORTHEAST,MO,15.1
CHRISTUS CENTRAL LOUISIANA SURGICAL HOSPITAL,LA,15.1
COMMUNITY FIRST MEDICAL CENTER,IL,15.1
COMMUNITY HOSPITAL ASSOCIATION,MO,15.1
DALE MEDICAL CENTER,AL,15.1
DAVIS REGIONAL MEDICAL CENTER,NC,15.1
DELTA MEMORIAL HOSPITAL,AR,15.1
DOYLESTOWN HOSPITAL,PA,15.1
EL CENTRO REGIONAL MEDICAL CENTER,CA,15.1
ELLINWOOD DISTRICT HOSPITAL,KS,15.1
FOOTHILL REGIONAL MEDICAL CENTER,CA,15.1
FRANCISCAN HEALTH MICHIGAN CITY,IN,15.1
FRYE REGIONAL MEDICAL CENTER,NC,15.1
FULTON COUNTY HEALTH CENTER,OH,15.1
GARDEN CITY HOSPITAL,MI,15.1
GLENDALE MEM HOSPITAL & HLTH CENTER,CA,15.1
GRANDVIEW MEDICAL CENTER,AL,15.1
GREELEY COUNTY HEALTH SERVICES,KS,15.1
GREENWICH HOSPITAL ASSOCIATION -,CT,15.1
HAMILTON MEMORIAL HOSPITAL,IL,15.1
HARPER UNIVERSITY HOSPITAL,MI,15.1
HERITAGE VALLEY KENNEDY,PA,15.1
HOMESTEAD HOSPITAL,FL,15.1
HONORHEALTH SCOTTSDALE THOMPSON PEAK MED CTR,AZ,15.1
INDIANA UNIVERSITY HEALTH ARNETT HOSPITAL,IN,15.1
"JOHNS HOPKINS HOSPITAL, THE",MD,15.1
JOHNSON COUNTY HOSPITAL,NE,15.1
KERN VALLEY HEALTHCARE DISTRICT,CA,15.1
KETTERING HEALTH GREENE MEMORIAL,OH,15.1
LAC/HARBOR-UCLA MED CENTER,CA,15.1
LAWRENCE GENERAL HOSPITAL,MA,15.1
LEHIGH VALLEY HOSPITAL,PA,15.1
LEHIGH VALLEY HOSPITAL - POCONO,PA,15.1
LIFEBRITE COMMUNITY HOSPITAL OF STOKES,NC,15.1
LITTLETON REGIONAL HEALTHCARE,NH,15.1
LONGVIEW REGIONAL MEDICAL CENTER,TX,15.1
LORETTO HOSPITAL,IL,15.1
LOS ANGELES COMMUNITY HOSPITAL,CA,15.1
LUTHERAN HOSPITAL OF INDIANA,IN,15.1
MACON COMMUNITY HOSPITAL,TN,15.1
MCLEOD HEALTH CHERAW,SC,15.1
MEDICAL ARTS HOSPITAL,TX,15.1
MEDICAL CITY LAS COLINAS,TX,15.1
MEMORIAL HOSPITAL OF GARDENA,CA,15.1
MENA REGIONAL HEALTH SYSTEM,AR,15.1
MERCYONE CENTERVILLE MEDICAL CENTER,IA,15.1
MERIT HEALTH WESLEY,MS,15.1
MONTEFIORE NEW ROCHELLE HOSPITAL,NY,15.1
MOSES TAYLOR HOSPITAL,PA,15.1
MULTICARE GOOD SAMARITAN HOSPITAL,WA,15.1
NORTHERN ROCKIES MEDICAL CENTER,MT,15.1
NORTHWESTERN MEDICAL CENTER INC,VT,15.1
ORANGE COUNTY GLOBAL MEDICAL CENTER,CA,15.1
PHELPS COUNTY REGIONAL MEDICAL CENTER,MO,15.1
PHOEBE SUMTER MEDICAL CENTER,GA,15.1
PHOEBE WORTH MEDICAL CENTER,GA,15.1
PIH HEALTH HOSPITAL-WHITTIER,CA,15.1
PLACENTIA LINDA HOSPITAL,CA,15.1
PRESBYTERIAN ST LUKE'S MEDICAL CENTER,CO,15.1
PROVIDENCE LITTLE CO OF MARY MED CTR SAN PEDRO,CA,15.1
REID HEALTH,IN,15.1
RIVERSIDE UNIVERSITY HEALTH SYSTEM-MEDICAL CENTER,CA,15.1
RUSSELL REGIONAL HOSPITAL,KS,15.1
RUSSELLVILLE HOSPITAL,AL,15.1
SAINT FRANCIS BARTLETT MEDICAL CENTER,TN,15.1
SALEM MEDICAL CENTER,NJ,15.1
SALINE MEMORIAL HOSPITAL,AR,15.1
SALT LAKE REGIONAL MEDICAL CENTER,UT,15.1
SANFORD CHAMBERLAIN MEDICAL CENTER,SD,15.1
SANFORD TRACY MEDICAL CENTER,MN,15.1
SCHEURER HOSPITAL,MI,15.1
SHASTA REGIONAL MEDICAL CENTER,CA,15.1
SHOREPOINT HEALTH PORT CHARLOTTE,FL,15.1
SOUTH LINCOLN MEDICAL CENTER - CAH,WY,15.1
SOUTHEASTERN OHIO REGIONAL MEDICAL CENTER,OH,15.1
ST ALEXIUS MEDICAL CENTER,IL,15.1
ST CHARLES HOSPITAL,NY,15.1
ST LUKES QUAKERTOWN HOSPITAL,PA,15.1
STEVENS COUNTY HOSPITAL,KS,15.1
TIOGA MEDICAL CENTER,ND,15.1
"TRANSYLVANIA REGIONAL HOSPITAL, INC",NC,15.1
TRINITY HEALTH ANN ARBOR HOSPITAL,MI,15.1
TRISTAR STONECREST MEDICAL CENTER,TN,15.1
TROY COMMUNITY HOSPITAL,PA,15.1
UCHEALTH PIKES PEAK REGIONAL HOSPITAL,CO,15.1
UNIVERSITY HOSPITALS - ELYRIA MEDICAL CENTER,OH,15.1
UNIVERSITY OF LOUISVILLE HOSPITAL,KY,15.1
UNIVERSITY OF MISSISSIPPI MED CENTER,MS,15.1
VA GREATER LOS ANGELES HEALTHCARE SYSTEM,CA,15.1
VALLEY BAPTIST MEDICAL CENTER- BROWNSVILLE,TX,15.1
VALLEY PRESBYTERIAN HOSPITAL,CA,15.1
VICTOR VALLEY GLOBAL MEDICAL CENTER,CA,15.1
WELLSTAR NORTH FULTON HOSPITAL,GA,15.1
WILMINGTON VA MEDICAL CENTER,DE,15.1
YORK GENERAL HOSPITAL,NE,15.1
JEFFERSON HOSPITAL,GA,15.15
PROVIDENCE MEDICAL CENTER,KS,15.15
RIVERVIEW REGIONAL MEDICAL CENTER,AL,15.15
ADVENTHEALTH LAKE WALES,FL,15.2
ADVOCATE GOOD SAMARITAN HOSPITAL,IL,15.2
ASCENSION ALL SAINTS HOSPITAL,WI,15.2
ASCENSION PROVIDENCE ROCHESTER HOSPITAL,MI,15.2
ASHE MEMORIAL HOSPITAL,NC,15.2
ATRIUM HEALTH UNION,NC,15.2
BAPTIST MEMORIAL HOSPITAL,TN,15.2
BARNES-KASSON COUNTY HOSPITAL,PA,15.2
BATH COMMUNITY HOSPITAL,VA,15.2
BAY PARK COMMUNITY HOSPITAL,OH,15.2
BAYLOR SCOTT & WHITE MEDICAL CENTER  GRAPEVINE,TX,15.2
BAYLOR SCOTT AND WHITE SURGICAL HOSPITAL AT SHERMA,TX,15.2
BAYLOR SCOTT AND WHITE SURGICAL HOSPITAL FORTWORTH,TX,15.2
BON SECOURS COMMUNITY HOSPITAL,NY,15.2
BON SECOURS SOUTHERN VIRGINIA MEDICAL CENTER,VA,15.2
BRIGHAM AND WOMEN'S HOSPITAL,MA,15.2
CALIFORNIA HOSPITAL MEDICAL CENTER LA,CA,15.2
CANYON VISTA MEDICAL CENTER,AZ,15.2
CHARLOTTE HUNGERFORD HOSPITAL,CT,15.2
CHRISTUS JASPER MEMORIAL HOSPITAL,TX,15.2
CHRISTUS ST MICHAEL HEALTH SYSTEM,TX,15.2
CLARION HOSPITAL,PA,15.2
CLEVELAND-WADE PARK VA MEDICAL CENTER,OH,15.2
COMANCHE COUNTY HOSPITAL,KS,15.2
COOKEVILLE REGIONAL MEDICAL CENTER,TN,15.2
DELAWARE COUNTY MEMORIAL HOSPITAL,PA,15.2
DUBLIN METHODIST HOSPITAL,OH,15.2
EAST GEORGIA REGIONAL MEDICAL CENTER,GA,15.2
EINSTEIN MEDICAL CENTER MONTGOMERY,PA,15.2
FAIRFIELD MEMORIAL HOSPITAL 1,IL,15.2
G. V. (SONNY) MONTGOMERY VA MEDICAL CENTER (JACKSON),MS,15.2
GARNET HEALTH  MEDICAL CENTER CATSKILLS - (CSK),NY,15.2
GRAND ISLAND REGIONAL MEDICAL CENTER,NE,15.2
HARDTNER MEDICAL CENTER,LA,15.2
HARRISBURG MEDICAL CENTER,IL,15.2
HCA FLORIDA ENGLEWOOD HOSPITAL,FL,15.2
HCA HOUSTON HEALTHCARE KINGWOOD,TX,15.2
HCA HOUSTON HEALTHCARE NORTHWEST,TX,15.2
HELENA REGIONAL MEDICAL CENTER,AR,15.2
HENNEPIN COUNTY MEDICAL CENTER,MN,15.2
HENRY FORD HEALTH HOSPITAL,MI,15.2
HIGHLAND COMMUNITY  HOSPITAL,MS,15.2
HILLCREST MEDICAL CENTER,OK,15.2
HIMA SAN PABLO HUMACAO,PR,15.2
HOLY FAMILY MEMORIAL,WI,15.2
HONORHEALTH DEER VALLEY MEDICAL CENTER,AZ,15.2
HUNT REGIONAL MEDICAL CENTER,TX,15.2
HURON VALLEY-SINAI HOSPITAL,MI,15.2
IRON MOUNTAIN MI VA MEDICAL CENTER,MI,15.2
JACKSON PARISH HOSPITAL,LA,15.2
JACOBI MEDICAL CENTER,NY,15.2
JERSEY SHORE UNIVERSITY MEDICAL CENTER,NJ,15.2
JOHN C. LINCOLN NORTH MOUNTAIN HOSPITAL,AZ,15.2
JOHN RANDOLPH MEDICAL CENTER,VA,15.2
KENTUCKY RIVER MEDICAL CENTER,KY,15.2
LANE REGIONAL MEDICAL CENTER,LA,15.2
LEXINGTON MEMORIAL HOSPITAL INC,NC,15.2
LIBERTY REGIONAL MEDICAL CENTER,GA,15.2
LIMA MEMORIAL HEALTH SYSTEM,OH,15.2
LUTHERAN HOSPITAL,OH,15.2
MAGNOLIA REGIONAL HEALTH CENTER,MS,15.2
MARGARET MARY COMMUNITY HOSPITAL INC,IN,15.2
MEDSTAR GEORGETOWN UNIVERSITY HOSPITAL,DC,15.2
MEMORIAL HEALTH CARE SYSTEMS,NE,15.2
MEMORIAL HERMANN NORTHEAST HOSPITAL,TX,15.2
MEMORIAL HOSPITAL MIRAMAR,FL,15.2
NORTH ALABAMA SHOALS HOSPITAL,AL,15.2
NORTH CADDO MEDICAL CENTER,LA,15.2
"NORTH OAKS MEDICAL CENTER, L L C",LA,15.2
NORTHEAST HOSPITAL CORPORATION,MA,15.2
NORTHRIDGE HOSPITAL MEDICAL CENTER,CA,15.2
NORTHWEST FLORIDA COMMUNITY HOSPITAL,FL,15.2
NORWALK HOSPITAL,CT,15.2
NS/LIJ HS HUNTINGTON HOSPITAL,NY,15.2
O'CONNOR HOSPITAL,NY,15.2
OCHSNER AMERICAN LEGION HOSPITAL,LA,15.2
OHIOHEALTH O'BLENESS HOSPITAL,OH,15.2
P H S INDIAN HOSP AT BELCOURT-QUENTIN N BURDICK,ND,15.2
PENNSYLVANIA HOSPITAL,PA,15.2
PERRY COUNTY MEMORIAL HOSPITAL,IN,15.2
PHYSICIANS REGIONAL MEDICAL CENTER,TN,15.2
PIEDMONT NEWTON HOSPITAL,GA,15.2
PLAINVIEW HOSPITAL,NY,15.2
POINTE COUPEE GENERAL HOSPITAL,LA,15.2
REEVES COUNTY HOSPITAL DISTRICT,TX,15.2
ROCHESTER GENERAL HOSPITAL,NY,15.2
RUTHERFORD REGIONAL MEDICAL CENTER,NC,15.2
"SAINT FRANCIS HOSPITAL VINITA, INC",OK,15.2
SAINT ROSE DOMINICAN HOSPITALS - SAN MARTIN CAMPUS,NV,15.2
SANFORD WORTHINGTON MEDICAL CENTER,MN,15.2
SCOTT MEMORIAL HEALTH,IN,15.2
SENTARA NORTHERN VIRGINIA MEDICAL CENTER,VA,15.2
SIMPSON GENERAL HOSPITAL CAH,MS,15.2
SOUTH GEORGIA MEDICAL CENTER,GA,15.2
"SOUTHEASTERN REGIONAL MEDICAL CENTER, INC",GA,15.2
SOUTHWEST GENERAL HEALTH CENTER,OH,15.2
ST LUKE'S HOSPITAL AT THE VINTAGE,TX,15.2
ST VINCENT HOT SPRINGS,AR,15.2
STONESPRINGS HOSPITAL CENTER,VA,15.2
"STORMONT VAIL HEALTH FLINT HILLS, LLC",KS,15.2
SUTTER DELTA MEDICAL CENTER,CA,15.2
SWEDISH AMERICAN HOSPITAL,IL,15.2
SWEDISH HOSPITAL,IL,15.2
TEMECULA VALLEY HOSPITAL,CA,15.2
TEXAS HEALTH ARLINGTON MEMORIAL HOSPITAL,TX,15.2
TEXAS HEALTH HARRIS METHODIST HURST-EULESS-BEDFORD,TX,15.2
THE JEWISH HOSPITAL-MERCY HEALTH,OH,15.2
TOMAH VA MEDICAL CENTER,WI,15.2
TRINITY HEALTH OAKLAND HOSPITAL,MI,15.2
TROUSDALE MEDICAL CENTER,TN,15.2
UNIVERSITY HOSPITALS CONNEAUT MEDICAL CENTER,OH,15.2
UNIVERSITY OF MD CHARLES REGIONAL  MEDICAL CENTER,MD,15.2
UNIVERSITY OF TOLEDO MEDICAL CENTER,OH,15.2
UPMC JAMESON,PA,15.2
VIDANT CHOWAN HOSPITAL,NC,15.2
WEST ANAHEIM MEDICAL CENTER,CA,15.2
WEST BOCA MEDICAL CENTER,FL,15.2
WEST JEFFERSON MEDICAL CENTER,LA,15.2
WYOMING COUNTY COMMUNITY HOSPITAL,NY,15.2
ST MARY MEDICAL CENTER,CA,15.225
HOLY CROSS HOSPITAL,FL,15.2666666666667
ACMH HOSPITAL,PA,15.3
ADVENTIST HEALTH AND RIDEOUT,CA,15.3
ADVENTIST HEALTHCARE WHITE OAK MEDICAL CENTER,MD,15.3
AIKEN REGIONAL MEDICAL CENTER,SC,15.3
ANNA JAQUES HOSPITAL,MA,15.3
ASCENSION ST JOHN HOSPITAL,MI,15.3
"ASOCIACION HOSPITAL DEL MAESTRO, INC",PR,15.3
BAKERSFIELD HEART HOSPITAL,CA,15.3
BAPTIST HEALTH MEDICAL CENTER- CONWAY,AR,15.3
BARNES-JEWISH ST PETERS HOSPITAL,MO,15.3
BAYLOR SCOTT & WHITE MEDICAL CENTER PLANO,TX,15.3
BEAUMONT HOSPITAL - GROSSE POINTE,MI,15.3
BENSON HOSPITAL,AZ,15.3
BETHESDA NORTH,OH,15.3
BRONX HEALTH SYSTEM,NY,15.3
CAPE REGIONAL MEDICAL CENTER INC,NJ,15.3
CAPITAL HEALTH REGIONAL MEDICAL CENTER,NJ,15.3
CENTENNIAL HILLS HOSPITAL MEDICAL CENTER,NV,15.3
CENTRAL VERMONT MEDICAL CENTER,VT,15.3
CHARLESTON AREA MEDICAL CENTER,WV,15.3
CHEROKEE REGIONAL MEDICAL CENTER,IA,15.3
CHRISTUS SHREVEPORT-BOSSIER HEALTH SYSTEM,LA,15.3
CITIZENS BAPTIST MEDICAL CENTER,AL,15.3
CLINTON MEMORIAL HOSPITAL,OH,15.3
COLUMBIA SC VA MEDICAL CENTER,SC,15.3
COMMUNITY MEDICAL CENTER,MT,15.3
COMMUNITY REGIONAL MEDICAL CENTER,CA,15.3
EL CAMINO HOSPITAL,CA,15.3
ELLENVILLE REGIONAL HOSPITAL,NY,15.3
ELLIS HOSPITAL,NY,15.3
EMORY HILLANDALE HOSPITAL,GA,15.3
FAIRFIELD MEDICAL CENTER,OH,15.3
FALMOUTH HOSPITAL,MA,15.3
GEISINGER MEDICAL CENTER,PA,15.3
GLENDIVE MEDICAL CENTER,MT,15.3
GREAT RIVER MEDICAL CENTER,AR,15.3
HAMILTON COUNTY HOSPITAL,KS,15.3
HCA FLORIDA CITRUS HOSPITAL,FL,15.3
HCA FLORIDA LAKE CITY HOSPITAL,FL,15.3
HCA HOUSTON HEALTHCARE WEST,TX,15.3
"HEALTHALLIANCE HOSPITALS, INC",MA,15.3
HEGG MEMORIAL HEALTH CENTER,IA,15.3
HILLCREST HOSPITAL CUSHING,OK,15.3
HONORHEALTH SCOTTSDALE OSBORN MEDICAL CENTER,AZ,15.3
HOSPITAL MENONITA GUAYAMA,PR,15.3
INSIGHT HOSPITAL AND MEDICAL CENTER CHICAGO,IL,15.3
INSPIRA MEDICAL CENTER ELMER,NJ,15.3
INTEGRIS MARSHALL COUNTY MEDICAL CENTER,OK,15.3
JOHN T MATHER MEMORIAL HOSPITAL  OF PORT JEFFERSON,NY,15.3
KAISER FOUNDATION HOSPITAL - ROSEVILLE,CA,15.3
KAISER FOUNDATION HOSPITAL - WALNUT CREEK,CA,15.3
LAKE DISTRICT HOSPITAL,OR,15.3
LARKIN COMMUNITY HOSPITAL,FL,15.3
"LITTLETON ADVENTIST HOSPITAL, CENTURA HEALTH",CO,15.3
MARIETTA MEMORIAL HOSPITAL,OH,15.3
MARY HITCHCOCK MEMORIAL HOSPITAL,NH,15.3
MASSENA HOSPITAL,NY,15.3
MCCULLOUGH-HYDE MEMORIAL HOSPITAL,OH,15.3
MCLEOD REGIONAL MEDICAL CENTER-PEE DEE,SC,15.3
MEDICAL CITY DALLAS HOSPITAL,TX,15.3
MERCY HOSPITAL LINCOLN,MO,15.3
MERCY HOSPITAL ST LOUIS,MO,15.3
MIDDLESBORO ARH HOSPITAL,KY,15.3
MOBRIDGE REGIONAL HOSPITAL - CAH,SD,15.3
MONTEFIORE MEDICAL CENTER,NY,15.3
MOUNTAIN VIEW REGIONAL MEDICAL CENTER,NM,15.3
MYMICHIGAN MEDICAL CENTER CLARE,MI,15.3
NEWARK-WAYNE COMMUNITY HOSPITAL,NY,15.3
NEWTON-WELLESLEY HOSPITAL,MA,15.3
NORTH SHORE UNIVERSITY HOSPITAL,NY,15.3
OCH REGIONAL MEDICAL CENTER,MS,15.3
OCHSNER LSU HEALTH SHREVEPORT,LA,15.3
OCHSNER UNIVERSITY HOSPITAL AND CLINICS,LA,15.3
OHIO STATE UNIVERSITY STATE HEALTH SYSTEM,OH,15.3
OSF SACRED HEART MEDICAL CENTER,IL,15.3
P H S INDIAN HOSPITAL CROW / NORTHERN CHEYENNE,MT,15.3
PHOEBE PUTNEY MEMORIAL HOSPITAL,GA,15.3
PHOENIXVILLE HOSPITAL,PA,15.3
PIEDMONT FAYETTE HOSPITAL,GA,15.3
PRINCETON COMMUNITY HOSPITAL,WV,15.3
RIVERLAND MEDICAL CENTER,LA,15.3
SACRED HEART HOSPITAL ON THE EMERALD COAST,FL,15.3
SAGE MEMORIAL HOSPITAL,AZ,15.3
SAINT ANTHONY HOSPITAL,IL,15.3
SAINT ANTHONY MEDICAL CENTER,IL,15.3
"SCENIC MOUNTAIN MEDICAL CENTER, A STEWARD FAMILY H",TX,15.3
SIBLEY MEMORIAL HOSPITAL,DC,15.3
SILVER CROSS HOSPITAL  AND MEDICAL CENTERS,IL,15.3
SOUTH PENINSULA HOSPITAL,AK,15.3
SSM ST JOSEPH HOSPITAL WEST,MO,15.3
ST MARYS HOSPITAL AND CLINICS,ID,15.3
ST VINCENT'S ST CLAIR,AL,15.3
STEWARD CORAL GABLES HOSPITAL,FL,15.3
TAMPA GENERAL HOSPITAL,FL,15.3
THOMAS MEMORIAL HOSPITAL,WV,15.3
TOURO INFIRMARY,LA,15.3
UMASS MEMORIAL HEALTH - HARRINGTON HOSPITAL,MA,15.3
UNION HOSPITAL CLINTON,IN,15.3
UNIVERSITY HOSPITALS AHUJA MEDICAL CENTER,OH,15.3
UPMC EAST,PA,15.3
UPMC PRESBYTERIAN SHADYSIDE,PA,15.3
UT HEALTH EAST TEXAS CARTHAGE HOSPITAL,TX,15.3
VA EASTERN COLORADO HEALTHCARE SYSTEM,CO,15.3
VA NORTH FLORIDA/SOUTH GEORGIA HEALTHCARE SYSTEM - LAKE CITY,FL,15.3
VA SAN DIEGO HEALTHCARE SYSTEM,CA,15.3
VISTA MEDICAL CENTER EAST,IL,15.3
"WEIRTON MEDICAL CENTER, INC",WV,15.3
WEST JERSEY HOSPITAL,NJ,15.3
WESTERN REGIONAL MEDICAL CENTER,AZ,15.3
WINN PARISH MEDICAL CENTER,LA,15.3
GOOD SAMARITAN MEDICAL CENTER,FL,15.35
ADVENTIST HEALTH HANFORD,CA,15.4
ASCENSION MACOMB OAKLAND HOSP-WARREN CAMPUS,MI,15.4
BANNER OCOTILLO MEDICAL CENTER,AZ,15.4
BAYFRONT HEALTH SEVEN RIVERS,FL,15.4
BAYLOR SCOTT AND WHITE MEDICAL CENTER SUNNYVALE,TX,15.4
BEAUMONT HOSPITAL - TRENTON,MI,15.4
BETSY JOHNSON REGIONAL HOSPITAL,NC,15.4
BRIDGEPORT HOSPITAL,CT,15.4
CAMDEN CLARK MEDICAL CENTER,WV,15.4
CAREPOINT HEALTH - BAYONNE MEDICAL CENTER,NJ,15.4
CARLE BROMENN MEDICAL CENTER,IL,15.4
CARLE HOOPESTON REGIONAL HEALTH CENTER,IL,15.4
CENTRO MEDICO WILMA N VAZQUEZ,PR,15.4
CHESAPEAKE GENERAL HOSPITAL,VA,15.4
CHINLE COMPREHENSIVE HEALTH CARE FACILITY,AZ,15.4
CHOCTAW MEMORIAL HOSPITAL,OK,15.4
CHSLI ST JOSEPH HOSPITAL,NY,15.4
CLAIBORNE MEMORIAL MEDICAL CENTER,LA,15.4
CLARA MAASS MEDICAL CENTER,NJ,15.4
COMANCHE COUNTY MEDICAL CENTER,TX,15.4
DANBURY HOSPITAL,CT,15.4
DEBORAH HEART AND LUNG CENTER,NJ,15.4
DESERT VIEW HOSPITAL,NV,15.4
ECU HEALTH NORTH HOSPITAL,NC,15.4
ELECTRA MEMORIAL HOSPITAL,TX,15.4
EMORY DECATUR HOSPITAL,GA,15.4
ENLOE MEDICAL CENTER,CA,15.4
EUCLID HOSPITAL,OH,15.4
FAUQUIER HOSPITAL,VA,15.4
FIVE RIVERS MEDICAL CENTER,AR,15.4
FREESTONE MEDICAL CENTER,TX,15.4
GREAT PLAINS OF SABETHA,KS,15.4
HCA FLORIDA BRANDON HOSPITAL,FL,15.4
HCA HOUSTON HEALTHCARE PEARLAND,TX,15.4
HCA HOUSTON HEALTHCARE TOMBALL,TX,15.4
HENRY MAYO NEWHALL  HOSPITAL,CA,15.4
HILLCREST HOSPITAL,OH,15.4
HOLY CROSS GERMANTOWN HOSPITAL,MD,15.4
HONORHEALTH SCOTTSDALE SHEA MEDICAL CENTER,AZ,15.4
HOSPITAL METROPOLITANO  DR SUSONI,PR,15.4
HUNTSVILLE MEMORIAL HOSPITAL,TX,15.4
JACKSON HEALTH SYSTEM,FL,15.4
JEFFERSON COUNTY HOSPITAL,MS,15.4
JUPITER MEDICAL CENTER,FL,15.4
KAISER FOUNDATION HOSPITAL - SAN LEANDRO,CA,15.4
KERN MEDICAL CENTER,CA,15.4
LALLIE KEMP MEDICAL CENTER,LA,15.4
LANDMARK MEDICAL CENTER,RI,15.4
LEWISGALE HOSPITAL MONTGOMERY,VA,15.4
LINCOLN COUNTY MEDICAL CENTER,NM,15.4
LOMPOC VALLEY MEDICAL CENTER,CA,15.4
LONG ISLAND JEWISH MEDICAL CENTER,NY,15.4
LOYOLA GOTTLIEB MEMORIAL HOSPITAL,IL,15.4
MANATI MEDICAL CENTER DR OTERO LOPEZ,PR,15.4
MASON GENERAL HOSPITAL & FAMILY OF CLINICS,WA,15.4
MAYAGUEZ MEDICAL CENTER DR RAMON EMETERIO BETANCES,PR,15.4
MCLAREN PORT HURON,MI,15.4
MEMORIAL UNIVERSITY MEDICAL CENTER,GA,15.4
MERCY CATHOLIC MEDICAL CENTER- MERCY FITZGERALD,PA,15.4
MERCY HOSPITAL OF FOLSOM,CA,15.4
MT SINAI HOSPITAL MEDICAL CENTER,IL,15.4
MYMICHIGAN MEDICAL CENTER WEST BRANCH,MI,15.4
NAZARETH HOSPITAL,PA,15.4
"NGMC BARROW, LLC",GA,15.4
NORTHEASTERN HEALTH SYSTEM,OK,15.4
NORTHWEST HEALTH-LA PORTE,IN,15.4
NORTHWESTERN MEMORIAL HOSPITAL,IL,15.4
OUR LADY OF LOURDES MEMORIAL HOSPITAL,NY,15.4
OWENSBORO HEALTH TWIN LAKES MEDICAL CENTER,KY,15.4
PARKVIEW COMMUNITY HOSPITAL MEDICAL CENTER,CA,15.4
PARKVIEW NOBLE HOSPITAL,IN,15.4
PENOBSCOT VALLEY HOSPITAL,ME,15.4
PETERSBURG MEDICAL CENTER,AK,15.4
PIEDMONT MOUNTAINSIDE HOSPITAL INC,GA,15.4
POTTSTOWN HOSPITAL,PA,15.4
REYNOLDS MEMORIAL HOSPITAL,WV,15.4
SAN ANTONIO VA MEDICAL CENTER (VA SOUTH TEXAS HEALTHCARE SYSTEM),TX,15.4
SAN JOAQUIN GENERAL HOSPITAL,CA,15.4
SINAI-GRACE HOSPITAL,MI,15.4
SOUTHEASTERN REGIONAL MEDICAL CENTER,NC,15.4
SOUTHERN HILLS HOSPITAL AND MEDICAL CENTER,NV,15.4
SSM ST CLARE HEALTH CENTER,MO,15.4
ST CATHERINE OF SIENA HOSPITAL MEDICAL CENTER,NY,15.4
ST JOSEPHS COMMUNITY HOSPITAL WEST BEND,WI,15.4
ST LUKE'S HOSPITAL - CARBON CAMPUS,PA,15.4
ST LUKE'S HOSPITAL BETHLEHEM,PA,15.4
ST VINCENT MEDICAL CENTER/NORTH,AR,15.4
STONEWALL JACKSON MEMORIAL HOSPITAL,WV,15.4
SUNRISE HOSPITAL AND MEDICAL CENTER,NV,15.4
SUNY/DOWNSTATE UNIVERSITY HOSPITAL OF BROOKLYN,NY,15.4
SUTTER SURGICAL HOSPITAL - NORTH VALLEY,CA,15.4
THE MEDICAL CENTER AT FRANKLIN,KY,15.4
UCHICAGO MEDICINE ADVENTHEALTH BOLINGBROOK,IL,15.4
UF HEALTH SHANDS HOSPITAL,FL,15.4
UNIVERSITY HEALTH SYSTEM,TX,15.4
UPSTATE NEW YORK VA HEALTHCARE SYSTEM (WESTERN NY VA HEALTHCARE SYSTEM),NY,15.4
WELLSTAR PAULDING MEDICAL CENTER,GA,15.4
WILCOX MEMORIAL HOSPITAL,HI,15.4
WINDOM AREA HEALTH,MN,15.4
ZUCKERBERG SAN FRANCISCO GENERAL HOSP & TRAUMA CTR,CA,15.4
CHEROKEE MEDICAL CENTER,AL,15.45
MEMORIAL MEDICAL CENTER,CA,15.48
"ARKANSAS HEART HOSPITAL, LLC",AR,15.5
ASTRIA SUNNYSIDE HOSPITAL,WA,15.5
BAPTIST MEMORIAL HOSPITAL - CARROLL COUNTY,TN,15.5
BAPTIST MEMORIAL HOSPITAL NORTH MS,MS,15.5
BAYAMON MEDICAL CENTER,PR,15.5
BAYLOR SCOTT & WHITE MEDICAL CENTER - TEMPLE,TX,15.5
BEAUMONT HOSPITAL - DEARBORN,MI,15.5
"BEAUMONT HOSPITAL, TROY",MI,15.5
BOCA RATON REGIONAL HOSPITAL,FL,15.5
BON SECOURS SOUTHAMPTON MEMORIAL HOSPITAL,VA,15.5
BROWARD HEALTH NORTH,FL,15.5
CHINESE HOSPITAL,CA,15.5
COMANCHE COUNTY MEMORIAL HOSPITAL,OK,15.5
CONCORD HOSPITAL- FRANKLIN,NH,15.5
DEACONESS HOSPITAL INC,IN,15.5
"DOCTORS' CENTER HOSPITAL, INC",PR,15.5
EMANATE HEALTH FOOTHILL PRESBYTERIAN HOSPITAL,CA,15.5
EMORY UNIVERSITY HOSPITAL MIDTOWN,GA,15.5
FLAGLER HOSPITAL,FL,15.5
FRESNO VA MEDICAL CENTER (VA CENTRAL CALIFORNIA HEALTHCARE SYSTEM),CA,15.5
GARDEN GROVE HOSPITAL & MEDICAL CENTER,CA,15.5
GOODLAND REGIONAL MEDICAL CENTER,KS,15.5
GREATER EL MONTE COMMUNITY HOSPITAL,CA,15.5
GREENWOOD LEFLORE HOSPITAL,MS,15.5
HACKENSACKUMC MOUNTAINSIDE,NJ,15.5
HAMILTON HOSPITAL,TX,15.5
HARNEY DISTRICT HOSPITAL,OR,15.5
HCA FLORIDA AVENTURA HOSPITAL,FL,15.5
HCA FLORIDA FAWCETT HOSPITAL,FL,15.5
HCA FLORIDA MERCY HOSPITAL,FL,15.5
HCA FLORIDA ST PETERSBURG HOSPITAL,FL,15.5
HIGHLAND HILLS MEDICAL CENTER,MS,15.5
HIMA SAN PABLO BAYAMON,PR,15.5
HOWARD UNIVERSITY HOSPITAL,DC,15.5
HUNTINGTON HOSPITAL,CA,15.5
IBERIA MEDICAL CENTER,LA,15.5
"IZARD COUNTY MEDICAL CENTER, LLC",AR,15.5
JOHN H STROGER JR HOSPITAL,IL,15.5
KANSAS CITY VA MEDICAL CENTER,MO,15.5
KING'S DAUGHTERS' MEDICAL CENTER,KY,15.5
LEE'S SUMMIT MEDICAL CENTER,MO,15.5
LITTLE RIVER MEMORIAL HOSPITAL,AR,15.5
LOGAN REGIONAL MEDICAL CENTER,WV,15.5
LOMA LINDA VA MEDICAL CENTER,CA,15.5
MAGEE WOMENS HOSPITAL OF UPMC HEALTH SYSTEM,PA,15.5
MCLAREN BAY REGION,MI,15.5
MELROSEWAKEFIELD HEALTHCARE,MA,15.5
MEMORIAL COMMUNITY HOSPITAL & HEALTH SYSTEM,NE,15.5
MEMORIAL HOSPITAL AT GULFPORT,MS,15.5
MENNONITE GENERAL HOSPITAL INC,PR,15.5
MERCY HOSPITAL - AURORA,MO,15.5
MINNEAPOLIS VA MEDICAL CENTER,MN,15.5
NORTH COUNTRY HOSPITAL AND HEALTH CENTER,VT,15.5
NORTHSHORE UNIVERSITY HEALTHSYSTEM - EVANSTON HOSPITAL,IL,15.5
OUR LADY OF FATIMA HOSPITAL,RI,15.5
PAINTSVILLE ARH HOSPITAL,KY,15.5
"PINEVILLE COMMUNITY HEALTH CENTER, INC",KY,15.5
POMONA VALLEY HOSPITAL MEDICAL CENTER,CA,15.5
PRESENCE SAINTS MARY AND ELIZABETH MEDICAL CENTER,IL,15.5
PUTNAM COUNTY MEMORIAL HOSPITAL,MO,15.5
ROANE MEDICAL CENTER,TN,15.5
SAINT ANNE'S HOSPITAL,MA,15.5
SAINT FRANCIS MEMORIAL HOSPITAL,CA,15.5
SENTARA CAREPLEX HOSPITAL,VA,15.5
SHERMAN OAKS HOSPITAL,CA,15.5
SPECTRUM HEALTH GERBER MEMORIAL,MI,15.5
ST BARNABAS HOSPITAL,NY,15.5
SULLIVAN COUNTY COMMUNITY HOSPITAL,IN,15.5
SURGICAL HOSPITAL AT SOUTHWOODS,OH,15.5
TAWAS ST JOSEPH HOSPITAL,MI,15.5
UNION HOSPITAL OF CECIL COUNTY,MD,15.5
UNIVERSITY OF ALABAMA HOSPITAL,AL,15.5
UNIVERSITY OF CALIFORNIA IRVINE MEDICAL CENTER,CA,15.5
VASSAR BROTHERS MEDICAL CENTER,NY,15.5
WASHINGTON DC VA MEDICAL CENTER,DC,15.5
WATERBURY HOSPITAL,CT,15.5
ADVENTHEALTH OTTAWA,KS,15.6
ADVOCATE ILLINOIS MASONIC MEDICAL CENTER,IL,15.6
ALAMEDA HOSPITAL,CA,15.6
ALBANY VA MEDICAL CENTER,NY,15.6
ASCENSION SAINT THOMAS THREE RIVERS,TN,15.6
BEAUREGARD MEMORIAL HOSPITAL,LA,15.6
BELTON REGIONAL MEDICAL CENTER,MO,15.6
CAREPOINT HEALTH-CHRIST HOSPITAL,NJ,15.6
CENTRO CARDIOVASCULAR,PR,15.6
COLEMAN COUNTY MEDICAL CENTER COMPANY,TX,15.6
CROSSRIDGE COMMUNITY HOSPITAL,AR,15.6
CROUSE HOSPITAL,NY,15.6
DESERT VALLEY HOSPITAL,CA,15.6
FITZGIBBON HOSPITAL,MO,15.6
GOLDEN VALLEY MEMORIAL HOSPITAL,MO,15.6
GOV JUAN F LUIS HOSPITAL & MEDICAL CTR,VI,15.6
HCA FLORIDA POINCIANA HOSPITAL,FL,15.6
HCA FLORIDA TWIN CITIES HOSPITAL,FL,15.6
HENRY FORD HEALTH WEST BLOOMFIELD HOSPITAL,MI,15.6
HOUSTON METHODIST CLEAR LAKE HOSPITAL,TX,15.6
HOUSTON METHODIST WILLOWBROOK HOSPITAL,TX,15.6
JAMES E. VAN ZANDT VA MEDICAL CENTER (ALTOONA),PA,15.6
JERSEY CITY MEDICAL CENTER,NJ,15.6
KAISER FOUNDATION HOSPITAL - DOWNEY,CA,15.6
KAISER FOUNDATION HOSPITAL - OAKLAND/RICHMOND,CA,15.6
LA PALMA INTERCOMMUNITY HOSPITAL,CA,15.6
LAKES REGIONAL HEALTHCARE,IA,15.6
LAVACA MEDICAL CENTER,TX,15.6
LOGAN COUNTY HOSPITAL,KS,15.6
MERCY HOSPITAL SOUTH,MO,15.6
MULTICARE AUBURN MEDICAL CENTER,WA,15.6
MUSC MEDICAL CENTER,SC,15.6
OKLAHOMA STATE UNIVERSITY MEDICAL CENTER,OK,15.6
ORLANDO HEALTH ST CLOUD HOSPITAL,FL,15.6
OVIEDO MEDICAL CENTER,FL,15.6
PALMDALE REGIONAL MEDICAL CENTER,CA,15.6
PENN HIGHLANDS MON VALLEY,PA,15.6
PERSON MEMORIAL HOSPITAL,NC,15.6
PROMEDICA COLDWATER REGIONAL HOSPITAL,MI,15.6
PROMEDICA MONROE REGIONAL HOSPITAL,MI,15.6
SAINT CLARE'S HOSPITAL/ DENVILLE CAMPUS,NJ,15.6
SCOTT COUNTY HOSPITAL,KS,15.6
SOUTHERN CALIFORNIA HOSPITAL AT HOLLYWOOD,CA,15.6
ST ELIZABETH FT THOMAS,KY,15.6
TENNOVA HEALTHCARE-JEFFERSON MEMORIAL HOSPITAL,TN,15.6
UNIVERSITY OF TEXAS MEDICAL BRANCH GALVESTON,TX,15.6
UPPER VALLEY MEDICAL CENTER,OH,15.6
UT SOUTHWESTERN UNIVERSITY HOSPITAL - WILLIAM P. CLEMENTS JR.,TX,15.6
VA MIDDLE TENNESSEE HEALTHCARE SYSTEM - MURFREESBORO,TN,15.6
VALLEY HOSPITAL MEDICAL CENTER,NV,15.6
VIRTUA MOUNT HOLLY HOSPITAL,NJ,15.6
WESTSIDE REGIONAL MEDICAL CENTER,FL,15.6
WHITESBURG ARH HOSPITAL,KY,15.6
WILLAMETTE VALLEY MEDICAL CENTER,OR,15.6
YUMA REGIONAL MEDICAL CENTER,AZ,15.6
ALBERT EINSTEIN MEDICAL CENTER,PA,15.7
ALLIANCE HEALTHCARE SYSTEM,MS,15.7
ARROWHEAD REGIONAL MEDICAL CENTER,CA,15.7
"BAPTIST MEMORIAL HOSPITAL JONESBORO, INC.",AR,15.7
BAYSTATE WING HOSPITAL,MA,15.7
BETH ISRAEL DEACONESS MEDICAL CENTER,MA,15.7
CAPE COD HEALTHCARE,MA,15.7
CAREPOINT HEALTH-HOBOKEN UNIVERSITY MEDICAL CENTER,NJ,15.7
CARILION GILES COMMUNITY HOSPITAL,VA,15.7
CAROLINA PINES REGIONAL MEDICAL CENTER,SC,15.7
CHICOT MEMORIAL MEDICAL CENTER,AR,15.7
GARNET HEALTH MEDICAL CENTER,NY,15.7
HCA FLORIDA GULF COAST HOSPITAL,FL,15.7
HCA FLORIDA HIGHLANDS HOSPITAL,FL,15.7
HCA FLORIDA TRINITY HOSPITAL,FL,15.7
HCA HOUSTON HEALTHCARE CONROE,TX,15.7
HILLCREST HOSPITAL HENRYETTA,OK,15.7
HOLLYWOOD PRESBYTERIAN MEDICAL CENTER,CA,15.7
HOSPITAL MENONITA DE CAYEY,PR,15.7
"HOSPITAL UPR, DR  FEDERICO TRILLA",PR,15.7
JOHN F KENNEDY MEMORIAL HOSPITAL,CA,15.7
LAKEWOOD REGIONAL MEDICAL CENTER,CA,15.7
LINCOLN HEALTH HOSPITAL,CO,15.7
LINCOLN MEDICAL & MENTAL HEALTH CENTER,NY,15.7
MEDICAL CITY FORT WORTH,TX,15.7
MEDICAL CITY NORTH HILLS,TX,15.7
MEMORIAL HOSPITAL OF CARBONDALE,IL,15.7
MEMORIAL HOSPITAL WEST,FL,15.7
MENORAH MEDICAL CENTER,KS,15.7
MIZELL MEMORIAL HOSPITAL,AL,15.7
NORTH BALDWIN INFIRMARY,AL,15.7
ORLANDO HEALTH SOUTH LAKE HOSPITAL,FL,15.7
PIGGOTT COMMUNITY HOSPITAL,AR,15.7
RARITAN BAY MEDICAL CENTER,NJ,15.7
RESEARCH MEDICAL CENTER,MO,15.7
SINGING RIVER GULFPORT,MS,15.7
SMITH COUNTY MEMORIAL HOSPITAL,KS,15.7
SPRING VALLEY HOSPITAL MEDICAL CENTER,NV,15.7
SSM HEALTH ST MARY'S HOSPITAL - ST LOUIS,MO,15.7
ST CLAIRE REGIONAL MEDICAL CENTER,KY,15.7
ST. MARY'S GOOD SAMARITAN HOSPITAL,GA,15.7
SUNY/STONY BROOK UNIVERSITY HOSPITAL,NY,15.7
TEXOMA MEDICAL CENTER,TX,15.7
THE HOSPITALS OF PROVIDENCE TRANSMOUNTAIN CAMPUS,TX,15.7
TRINITAS REGIONAL MEDICAL CENTER,NJ,15.7
UH CLEVELAND MEDICAL CENTER,OH,15.7
UNIVERSITY HOSPITAL AND MEDICAL CENTER,FL,15.7
VIDANT EDGECOMBE HOSPITAL,NC,15.7
WILKES BARRE VA MEDICAL CENTER,PA,15.7
ADVENTIST GLENOAKS,IL,15.8
ADVENTIST HEALTHCARE FORT WASHINGTON MEDICAL CTR,MD,15.8
ATLANTICARE REGIONAL MEDICAL CENTER - CITY CAMPUS,NJ,15.8
BEVERLY HOSPITAL,CA,15.8
BMH-GOLDEN TRIANGLE,MS,15.8
CAPE FEAR VALLEY MEDICAL CENTER,NC,15.8
CENTRAL PENINSULA GENERAL HOSPITAL,AK,15.8
CHEROKEE NATION W W HASTINGS INDIAN HOSPITAL,OK,15.8
CLAY COUNTY MEDICAL CENTER,KS,15.8
"COFFEE REGIONAL MEDICAL CENTER, INC",GA,15.8
EL CAMPO MEMORIAL HOSPITAL,TX,15.8
FORT DEFIANCE INDIAN HOSPITAL,AZ,15.8
GEISINGER JERSEY SHORE HOSPITAL,PA,15.8
HCA FLORIDA FORT WALTON-DESTIN HOSPITAL,FL,15.8
HCA FLORIDA JFK HOSPITAL,FL,15.8
"HOSPITAL PAVIA HATO REY, INC",PR,15.8
HUDSON REGIONAL HOSPITAL,NJ,15.8
JACKSON PURCHASE MEDICAL CENTER,KY,15.8
KENT COUNTY MEMORIAL HOSPITAL,RI,15.8
KOSSUTH REGIONAL HEALTH CENTER,IA,15.8
LEBANON VA MEDICAL CENTER,PA,15.8
LOS ANGELES GENERAL MEDICAL CENTER,CA,15.8
LOWELL GENERAL HOSPITAL,MA,15.8
LOYOLA UNIVERSITY MEDICAL CENTER,IL,15.8
MERCY HEALTH-ANDERSON HOSPITAL,OH,15.8
MON HEALTH MEDICAL CENTER,WV,15.8
MONMOUTH MEDICAL CENTER,NJ,15.8
OVERLAND PARK REG MED CTR,KS,15.8
PARK NICOLLET METHODIST HOSPITAL,MN,15.8
PECONIC BAY MEDICAL CENTER,NY,15.8
PIH HEALTH GOOD SAMARITAN HOSPITAL,CA,15.8
PRESENCE MERCY MEDICAL CENTER,IL,15.8
ROSELAND COMMUNITY HOSPITAL,IL,15.8
SAINT PETER'S UNIVERSITY HOSPITAL,NJ,15.8
SARAH BUSH LINCOLN HEALTH CENTER,IL,15.8
SISTERS OF CHARITY HOSPITAL,NY,15.8
ST BERNARD HOSPITAL,IL,15.8
ST JOSEPH'S MEDICAL CENTER,NY,15.8
"STAFFORD HOSPITAL, LLC",VA,15.8
STURDY MEMORIAL HOSPITAL,MA,15.8
SUMMA WESTERN RESERVE HOSPITAL,OH,15.8
TANNER MEDICAL CENTER VILLA RICA,GA,15.8
TEXAS COUNTY MEMORIAL HOSPITAL,MO,15.8
TIFT REGIONAL MEDICAL CENTER,GA,15.8
"UNIVERSITY OF CINCINNATI MEDICAL CENTER, LLC",OH,15.8
WISE HEALTH SYSTEM,TX,15.8
BARNES JEWISH HOSPITAL,MO,15.9
BROWARD HEALTH MEDICAL CENTER,FL,15.9
COLQUITT REGIONAL MEDICAL CENTER,GA,15.9
DELRAY MEDICAL CENTER,FL,15.9
DOCTORS' CENTER BAYAMON,PR,15.9
ENDLESS MOUNTAINS HEALTH SYSTEMS,PA,15.9
F F THOMPSON HOSPITAL,NY,15.9
FRANCISCAN HEALTH OLYMPIA & CHICAGO HEIGHTS,IL,15.9
HCA FLORIDA SOUTH TAMPA HOSPITAL,FL,15.9
HOSPITAL DE LA CONCEPCION,PR,15.9
HOSPITAL MENONITA CAGUAS INC,PR,15.9
HOWARD COUNTY GENERAL HOSPITAL,MD,15.9
JENNIE STUART MEDICAL CENTER,KY,15.9
"LAHEY HOSPITAL & MEDICAL CENTER, BURLINGTON",MA,15.9
MAGRUDER HOSPITAL,OH,15.9
"MARTIN LUTHER KING, JR. COMMUNITY HOSPITAL",CA,15.9
MEASE DUNEDIN HOSPITAL,FL,15.9
MEDICAL CENTER OF MCKINNEY,TX,15.9
MEDICAL CITY ALLIANCE,TX,15.9
MEDICAL CITY ARLINGTON,TX,15.9
METROPOLITAN HOSPITAL CENTER,NY,15.9
METROWEST MEDICAL CENTER,MA,15.9
MIAMI VALLEY HOSPITAL,OH,15.9
MIDDLESEX HOSPITAL,CT,15.9
MONTEREY PARK HOSPITAL,CA,15.9
NORTH VISTA HOSPITAL,NV,15.9
PARIS COMMUNITY HOSPITAL,IL,15.9
QUEENS HOSPITAL CENTER,NY,15.9
RALEIGH GENERAL HOSPITAL,WV,15.9
SIGNATURE HEALTHCARE BROCKTON HOSPITAL,MA,15.9
SOIN MEDICAL CENTER,OH,15.9
ST JOHN'S RIVERSIDE HOSPITAL,NY,15.9
TEXAS HEALTH PRESBYTERIAN HOSPITAL PLANO,TX,15.9
THE UNIVERSITY OF CHICAGO MEDICAL CENTER,IL,15.9
TRISTAR SKYLINE MEDICAL CENTER,TN,15.9
WATSONVILLE COMMUNITY HOSPITAL,CA,15.9
WESTFIELDS HOSPITAL AND CLINIC,WI,15.9
WINCHESTER HOSPITAL,MA,15.9
ALTON MEMORIAL HOSPITAL,IL,16.0
BAXTER REGIONAL MEDICAL CENTER,AR,16.0
BELLEVUE HOSPITAL CENTER,NY,16.0
BROOKLYN HOSPITAL CENTER - DOWNTOWN CAMPUS,NY,16.0
CENTRASTATE MEDICAL CENTER,NJ,16.0
DREW MEMORIAL HEALTH SYSTEM,AR,16.0
FRANKLIN MEDICAL CENTER,LA,16.0
GARFIELD MEDICAL CENTER,CA,16.0
GOOD SAMARITAN REGIONAL HLTH CENTER,IL,16.0
HARLAN ARH HOSPITAL,KY,16.0
HOSPITAL DR CAYETANO COLL Y TOSTE,PR,16.0
HOSPITAL OF UNIV OF PENNSYLVANIA,PA,16.0
HUMBOLDT PARK HEALTH,IL,16.0
INDIANA REGIONAL MEDICAL CENTER,PA,16.0
LAC/OLIVE VIEW-UCLA MEDICAL CENTER,CA,16.0
LAGUNA HONDA HOSPITAL & REHABILITATION CENTER,CA,16.0
LEXINGTON VA MEDICAL CENTER,KY,16.0
MEDICAL CITY DENTON,TX,16.0
METHODIST HOSPITALS INC,IN,16.0
MURRAY-CALLOWAY COUNTY HOSPITAL,KY,16.0
NASSAU UNIVERSITY MEDICAL CENTER,NY,16.0
PALISADES MEDICAL CENTER,NJ,16.0
PALOS COMMUNITY HOSPITAL,IL,16.0
PRESENCE SAINT JOSEPH MEDICAL CENTER,IL,16.0
ROBERT WOOD JOHNSON UNIVERSITY HOSPITAL,NJ,16.0
"ROME MEMORIAL HOSPITAL, INC",NY,16.0
SAN DIMAS COMMUNITY HOSPITAL,CA,16.0
SHOREPOINT HEALTH PUNTA GORDA,FL,16.0
ST BERNARDS MEDICAL CENTER,AR,16.0
SUMMERLIN HOSPITAL MEDICAL CENTER,NV,16.0
UNIVERSITY HOSPITAL S U N Y HEALTH SCIENCE CENTER,NY,16.0
"WEST VIRGINIA UNIVERSITY HOSPITALS, INC",WV,16.0
YALOBUSHA GENERAL HOSPITAL,MS,16.0
ASCENSION ST VINCENT'S RIVERSIDE,FL,16.1
BRECKINRIDGE MEMORIAL HOSPITAL,KY,16.1
BRYN MAWR HOSPITAL,PA,16.1
CLAIBORNE MEDICAL CENTER,TN,16.1
COX MONETT HOSPITAL,MO,16.1
CRISP REGIONAL HOSPITAL,GA,16.1
CROSSGATES RIVER OAKS HOSPITAL,MS,16.1
HCA FLORIDA CAPITAL HOSPITAL,FL,16.1
HCA FLORIDA WEST HOSPITAL,FL,16.1
HOLY FAMILY HOSPITAL,MA,16.1
HUMBOLDT COUNTY MEMORIAL HOSPITAL,IA,16.1
JACKSON HOSPITAL,FL,16.1
JESSE BROWN VA MEDICAL CENTER - VA CHICAGO HEALTHCARE SYSTEM,IL,16.1
JOHNSON CITY MEDICAL CENTER,TN,16.1
MARY WASHINGTON HOSPITAL,VA,16.1
MORRISTOWN HAMBLEN HOSPITAL ASSOCIATION,TN,16.1
NYC HEALTH + HOSPITALS/CONEY ISLAND,NY,16.1
ORLANDO HEALTH,FL,16.1
ORLANDO HEALTH-HEALTH CENTRAL HOSPITAL,FL,16.1
RAPIDES REGIONAL MEDICAL CENTER,LA,16.1
SALEM TOWNSHIP HOSPITAL,IL,16.1
ST ELIZABETH'S MEDICAL CENTER,MA,16.1
ST LUKE'S HOSPITAL - MONROE CAMPUS,PA,16.1
ST LUKE'S WARREN HOSPITAL,NJ,16.1
UNITED MEMORIAL MEDICAL CENTER,NY,16.1
UT HEALTH EAST TEXAS TYLER REGIONAL HOSPITAL,TX,16.1
WAGNER COMMUNITY MEMORIAL HOSPITAL - CAH,SD,16.1
WHITE RIVER JCT VA MEDICAL CENTER,VT,16.1
SOUTH SHORE HOSPITAL,IL,16.15
ADVENTHEALTH ORLANDO,FL,16.2
ARKANSAS HEART HOSPITAL-ENCORE,AR,16.2
BRAVERA HEALTH BROOKSVILLE,FL,16.2
CINCINNATI VA MEDICAL CENTER,OH,16.2
CLEVELAND CLINIC HOSPITAL,FL,16.2
ECU HEALTH MEDICAL CENTER,NC,16.2
HCA FLORIDA OSCEOLA HOSPITAL,FL,16.2
HOLY REDEEMER HOSPITAL AND MEDICAL CENTER,PA,16.2
LANSDALE HOSPITAL,PA,16.2
MARION COMMUNTIY HOSPITAL,FL,16.2
MARION IL VA MEDICAL CENTER,IL,16.2
MONTCLAIR HOSPITAL MEDICAL CENTER,CA,16.2
SOUTHWESTERN MEDICAL CENTER,OK,16.2
ST JOSEPH'S HOSPITAL HEALTH CENTER,NY,16.2
ST LUKE'S HOSPITAL - ANDERSON CAMPUS,PA,16.2
ST LUKE'S SUGAR LAND HOSPITAL,TX,16.2
ST ROSE HOSPITAL,CA,16.2
THE UNIVERSITY HOSPITAL,NJ,16.2
TIDELANDS GEORGETOWN MEMORIAL HOSPITAL,SC,16.2
BAPTIST MEMORIAL HOSPITAL DESOTO,MS,16.3
"COOLEY DICKINSON HOSPITAL INC,THE",MA,16.3
COOPER UNIVERSITY HOSPITAL,NJ,16.3
LOUIS A WEISS MEMORIAL HOSPITAL,IL,16.3
MCCURTAIN MEMORIAL HOSPITAL,OK,16.3
"MOUNT SINAI MEDICAL CENTER OF FLORIDA, INC",FL,16.3
PHYSICIANS REGIONAL MEDICAL CENTER - PINE RIDGE,FL,16.3
SAN LUKE'S MEMORIAL HOSPITAL INC,PR,16.3
SOUTH CENTRAL REG MED CTR,MS,16.3
STEWARD HIALEAH HOSPITAL,FL,16.3
UMASS MEMORIAL HEALTHCARE-MARLBOROUGH HOSPITAL,MA,16.3
VIDANT ROANOKE CHOWAN HOSPITAL,NC,16.3
CARLE FOUNDATION HOSPITAL,IL,16.4
COMMUNITY HOSPITAL OF HUNTINGTON PARK,CA,16.4
HCA FLORIDA NORTHSIDE HOSPITAL,FL,16.4
HERRIN HOSPITAL,IL,16.4
MONROE COUNTY MEDICAL CENTER,KY,16.4
PACIFICA HOSPITAL OF THE VALLEY,CA,16.4
PRESENCE SAINT FRANCIS HOSPITAL,IL,16.4
ST LUKE'S CORNWALL HOSPITAL,NY,16.4
TEMPLE VA MEDICAL CENTER (VA CENTRAL TEXAS HEALTHCARE SYSTEM),TX,16.4
TUG VALLEY ARH REGIONAL MEDICAL CENTER,KY,16.4
UNIONTOWN HOSPITAL,PA,16.4
AHMC ANAHEIM REGIONAL MEDICAL CENTER,CA,16.5
BAYSTATE FRANKLIN MEDICAL CENTER,MA,16.5
CENTINELA HOSPITAL MEDICAL CENTER,CA,16.5
DELTA HEALTH SYSTEM - THE MEDICAL CENTER,MS,16.5
GUAM MEMORIAL  HOSPITAL AUTHORITY,GU,16.5
HCA FLORIDA LAWNWOOD HOSPITAL,FL,16.5
HENRY FORD HEALTH WYANDOTTE HOSPITAL,MI,16.5
JACKSON PARK HOSPITAL,IL,16.5
JEFFERSON HEALTH- NORTHEAST,PA,16.5
LAKELAND REGIONAL MEDICAL CENTER,FL,16.5
ORANGE CITY AREA HEALTH SYSTEM,IA,16.5
RIO GRANDE HOSPITAL,CO,16.5
ST JOE MERCY HOSPITAL SYSTEM LIVONIA,MI,16.5
WASHINGTON HOSPITAL,CA,16.5
BAYSTATE MEDICAL CENTER,MA,16.6
BROWARD HEALTH CORAL SPRINGS,FL,16.6
EAST CARROLL PARISH HOSPITAL,LA,16.6
FARGO VA MEDICAL CENTER,ND,16.6
HOLYOKE MEDICAL CENTER,MA,16.6
MACNEAL  HOSPITAL,IL,16.6
MONMOUTH MEDICAL CENTER-SOUTHERN CAMPUS,NJ,16.6
RICHMOND UNIVERSITY MEDICAL CENTER,NY,16.6
ROBERT WOOD JOHNSON UNIVERSITY HOSPITAL - SOMERSET,NJ,16.6
SSM HEALTH SAINT LOUIS UNIVERSITY HOSPITAL,MO,16.6
UHHS MEMORIAL HOSPITAL OF GENEVA,OH,16.6
VA S. ARIZONA HEALTHCARE SYSTEM,AZ,16.6
"WHEELING HOSPITAL, INC",WV,16.6
ABINGTON MEMORIAL HOSPITAL,PA,16.7
BAYSTATE NOBLE HOSPITAL,MA,16.7
HCA FLORIDA PALMS WEST HOSPITAL,FL,16.7
KERALTY HOSPITAL,FL,16.7
MEMPHIS VA MEDICAL CENTER,TN,16.7
SAINT AGNES MEDICAL CENTER,CA,16.7
SURGEONS CHOICE MEDICAL CENTER,MI,16.7
THOMAS JEFFERSON UNIVERSITY HOSPITAL,PA,16.7
THOREK MEMORIAL HOSPITAL,IL,16.7
TOGUS VA MEDICAL CENTER,ME,16.7
WEST HILLS HOSPITAL & MEDICAL CENTER,CA,16.7
WYCKOFF HEIGHTS MEDICAL CENTER,NY,16.7
EMANATE HEALTH INTER-COMMUNITY HOSPITAL,CA,16.8
HIMA SAN PABLO-CAGUAS,PR,16.8
LIVINGSTON REGIONAL HOSPITAL,TN,16.8
MORTON HOSPITAL,MA,16.8
SIMI VALLEY HOSPITAL & HEALTH CARE SERVICES,CA,16.8
STATEN ISLAND UNIVERSITY HOSPITAL,NY,16.8
VENTURA COUNTY MEDICAL CENTER,CA,16.8
COLUMBIA MO VA MEDICAL CENTER,MO,16.9
DETROIT (JOHN D. DINGELL) VA MEDICAL CENTER,MI,16.9
HOUSTON VA MEDICAL CENTER,TX,16.9
INDIANAPOLIS VA MEDICAL CENTER,IN,16.9
INSPIRA MEDICAL CENTER VINELAND,NJ,16.9
MILWAUKEE VA MEDICAL CENTER,WI,16.9
REGIONAL MEDICAL CENTER OF SAN JOSE,CA,16.9
REPUBLIC COUNTY HOSPITAL,KS,16.9
ROBERT WOOD JOHNSON UNIVERSITY HOSPITAL AT HAMILTON,NJ,16.9
WELLINGTON REGIONAL MEDICAL CENTER,FL,16.9
METROPOLITAN HOSPITAL,PR,17.0
PROVIDENCE SAINT JOSEPH MEDICAL CTR,CA,17.0
VA BLACK HILLS HEALTHCARE SYSTEM - FORT MEADE,SD,17.0
WHITE COUNTY MEDICAL CENTER,AR,17.0
GLENWOOD REGIONAL MEDICAL CENTER,LA,17.1
HCA FLORIDA SOUTH SHORE HOSPITAL,FL,17.1
HUNTINGTON BEACH HOSPITAL,CA,17.1
LOUISVILLE VA MEDICAL CENTER,KY,17.1
SANA HEALTHCARE CARROLLTON D/B/A CARROLLTON REGIONAL MEDICAL CENTER,TX,17.1
ST JOHN'S EPISCOPAL HOSPITAL AT SOUTH SHORE,NY,17.1
HINES VA MEDICAL CENTER,IL,17.2
AUGUSTA VA MEDICAL CENTER,GA,17.3
OVERTON BROOKS VA MEDICAL CENTER (SHREVEPORT),LA,17.3
PALO ALTO VA MEDICAL CENTER,CA,17.3
TAMPA VA MEDICAL CENTER,FL,17.3
OSF LITTLE COMPANY OF MARY MEDICAL CENTER,IL,17.4
PIH HEALTH DOWNEY HOSPITAL,CA,17.4
TUFTS MEDICAL CENTER,MA,17.4
JEFFERSON STRATFORD HOSPITAL,NJ,17.5
MILFORD REGIONAL MEDICAL CENTER,MA,17.5
"NEW YORK COMMUNITY HOSPITAL OF BROOKLYN, INC.",NY,17.5
VA NEW YORK HARBOR HEALTHCARE SYSTEM - BROOKLYN,NY,17.5
L A DOWNTOWN MEDICAL CENTER,CA,17.7
PHOENIX VA MEDICAL CENTER,AZ,17.7
VA CENTRAL AR. VETERANS HEALTHCARE SYSTEM LR,AR,17.7
VA LONG BEACH HEALTHCARE SYSTEM,CA,17.7
ORLANDO VA MEDICAL CENTER,FL,17.8
ST LUCIE MEDICAL CENTER,FL,17.8
VA MIDDLE TENNESSEE HEALTHCARE SYSTEM,TN,17.8
BIRMINGHAM VA MEDICAL CENTER,AL,17.9
DAYTON VA MEDICAL CENTER,OH,17.9
SAN FRANCISCO VA MEDICAL CENTER,CA,17.9
SOUTHEAST LOUISIANA VETERANS HEALTH CARE SYSTEM,LA,17.9
VA NORTH FLORIDA/SOUTH GEORGIA HEALTHCARE SYSTEM - GAINESVILLE,FL,17.9
DECATUR (ATLANTA) VA MEDICAL CENTER,GA,18.0
MIAMI VA MEDICAL CENTER,FL,18.0
PHILADELPHIA VA MEDICAL CENTER,PA,18.0
ALLIANCEHEALTH DURANT,OK,18.1
CAREWELL HEALTH MEDICAL CENTER,NJ,18.1
CHARLESTON VA MEDICAL CENTER,SC,18.2
VA NEW YORK HARBOR HEALTHCARE SYSTEM - NY DIV.,NY,18.3
DALLAS VA MEDICAL CENTER (VA NORTH TEXAS HEALTHCARE SYSTEM),TX,18.4
MAIMONIDES MEDICAL CENTER,NY,18.4
MOUNTAIN HOME VA MEDICAL CENTER,TN,18.4
NORTH CHICAGO VA MEDICAL CENTER,IL,18.5
VA SOUTHERN NEVADA HEALTHCARE SYSTEM,NV,18.5
HUNTINGTON VA MEDICAL CENTER,WV,18.9
PROVIDENCE VA MEDICAL CENTER,RI,18.9
SAN JUAN VA MEDICAL CENTER,PR,19.0
ADCARE HOSPITAL OF WORCESTER INC,MA,19.1
W PALM BEACH VA MEDICAL CENTER,FL,19.1
WEST HAVEN VA MEDICAL CENTER,CT,19.2
SYRACUSE VA MEDICAL CENTER,NY,19.3
VA NEW JERSEY HEALTH CARE SYSTEM,NJ,19.4
VA BOSTON HEALTHCARE SYSTEM - JAMAICA PLAIN,MA,19.8
OROVILLE HOSPITAL,CA,20.7
MADISON VA MEDICAL CENTER,WI,20.9
BAY PINES VA MEDICAL CENTER,FL,21.1
VA PITTSBURGH HEALTHCARE SYSTEM - UNIV DR,PA,22.3
